Date,Month,Day,Year,SampTime,Site,Treatment,Marsh Type,Feature,Transect,Plot,Elev,Geoid,Correction,Corrected
03/13/07,03,13,2007,WI2007,HI,Nat,Fringing,Oyster,11,0,-0.1934,G-03,0.018,-0.1754
03/13/07,03,13,2007,WI2007,HI,Nat,Fringing,Oyster,11,5,0.0597,G-03,0.018,0.0777
03/13/07,03,13,2007,WI2007,HI,Nat,Fringing,Oyster,11,10,0.2555,G-03,0.018,0.2735
03/13/07,03,13,2007,WI2007,HI,Nat,Fringing,Oyster,11,15,0.6737,G-03,0.018,0.6917
03/13/07,03,13,2007,WI2007,HI,Nat,Fringing,Oyster,12,0,-0.2966,G-03,0.018,-0.2786
03/13/07,03,13,2007,WI2007,HI,Nat,Fringing,Oyster,12,5,0.0754,G-03,0.018,0.0934
03/13/07,03,13,2007,WI2007,HI,Nat,Fringing,Oyster,12,10,0.5415,G-03,0.018,0.5595
03/13/07,03,13,2007,WI2007,HI,Nat,Fringing,Oyster,12,15,0.7251,G-03,0.018,0.7431
03/13/07,03,13,2007,WI2007,HI,Nat,Fringing,Oyster,13,-1,-0.3011,G-03,0.018,-0.2831
03/13/07,03,13,2007,WI2007,HI,Nat,Fringing,Oyster,13,0,-0.2936,G-03,0.018,-0.2756
03/13/07,03,13,2007,WI2007,HI,Nat,Fringing,Oyster,13,5,0.1131,G-03,0.018,0.1311
03/13/07,03,13,2007,WI2007,HI,Nat,Fringing,Oyster,13,10,0.5400,G-03,0.018,0.5580
03/13/07,03,13,2007,WI2007,HI,Nat,Fringing,Oyster,13,15,0.7034,G-03,0.018,0.7214
03/13/07,03,13,2007,WI2007,HI,Nat,Fringing,Oyster,14,-1,-0.3258,G-03,0.018,-0.3078
03/13/07,03,13,2007,WI2007,HI,Nat,Fringing,Oyster,14,0,-0.3334,G-03,0.018,-0.3154
03/13/07,03,13,2007,WI2007,HI,Nat,Fringing,Oyster,14,5,-0.1233,G-03,0.018,-0.1053
03/13/07,03,13,2007,WI2007,HI,Nat,Fringing,Oyster,14,10,0.3039,G-03,0.018,0.3219
03/13/07,03,13,2007,WI2007,HI,Sill,Fringing,Behind,1,-1,-0.0455,G-03,0.024,-0.0215
03/13/07,03,13,2007,WI2007,HI,Sill,Fringing,Behind,1,0,-0.1942,G-03,0.024,-0.1702
03/13/07,03,13,2007,WI2007,HI,Sill,Fringing,Behind,1,5,0.0863,G-03,0.024,0.1103
03/13/07,03,13,2007,WI2007,HI,Sill,Fringing,Behind,1,10,0.5281,G-03,0.024,0.5521
03/13/07,03,13,2007,WI2007,HI,Sill,Fringing,Behind,1,20,-0.1317,G-03,0.024,-0.1077
03/13/07,03,13,2007,WI2007,HI,Sill,Fringing,Behind,2,-1,-0.0644,G-03,0.024,-0.0404
03/13/07,03,13,2007,WI2007,HI,Sill,Fringing,Behind,2,0,-0.1121,G-03,0.024,-0.0881
03/13/07,03,13,2007,WI2007,HI,Sill,Fringing,Behind,2,5,0.1012,G-03,0.024,0.1252
03/13/07,03,13,2007,WI2007,HI,Sill,Fringing,Behind,2,10,0.4163,G-03,0.024,0.4403
03/13/07,03,13,2007,WI2007,HI,Sill,Fringing,Behind,2,20,-0.0333,G-03,0.024,-0.0093
03/13/07,03,13,2007,WI2007,HI,Sill,Fringing,Behind,3,0,-0.0193,G-03,0.024,0.0047
03/13/07,03,13,2007,WI2007,HI,Sill,Fringing,Behind,3,10,0.2770,G-03,0.024,0.3010
03/13/07,03,13,2007,WI2007,HI,Sill,Fringing,Behind,3,15,0.0707,G-03,0.024,0.0947
03/13/07,03,13,2007,WI2007,HI,Sill,Fringing,Behind,3,20,-0.0110,G-03,0.024,0.0130
03/13/07,03,13,2007,WI2007,HI,Sill,Fringing,Behind,3,25,-0.0836,G-03,0.024,-0.0596
03/13/07,03,13,2007,WI2007,HI,Sill,Fringing,Behind,4,-1,0.1420,G-03,0.024,0.1660
03/13/07,03,13,2007,WI2007,HI,Sill,Fringing,Behind,4,0,-0.1515,G-03,0.024,-0.1275
03/13/07,03,13,2007,WI2007,HI,Sill,Fringing,Behind,4,5,0.2980,G-03,0.024,0.3220
03/13/07,03,13,2007,WI2007,HI,Sill,Fringing,Behind,4,20,-0.1347,G-03,0.024,-0.1107
03/13/07,03,13,2007,WI2007,HI,Sill,Fringing,Behind,4,25,-0.0216,G-03,0.024,0.0024
03/13/07,03,13,2007,WI2007,HI,Sill,Fringing,Behind,5,-1,-0.0427,G-03,0.024,-0.0187
03/13/07,03,13,2007,WI2007,HI,Sill,Fringing,Behind,5,0,-0.1063,G-03,0.024,-0.0823
03/13/07,03,13,2007,WI2007,HI,Sill,Fringing,Behind,5,5,0.1232,G-03,0.024,0.1472
03/13/07,03,13,2007,WI2007,HI,Sill,Fringing,Behind,5,10,0.2808,G-03,0.024,0.3048
03/13/07,03,13,2007,WI2007,HI,Sill,Fringing,Behind,5,20,-0.1074,G-03,0.024,-0.0834
03/01/07,03,01,2007,WI2007,NCMM,Nat,Fringing,Oyster,6,-1,-0.3346,G-03,0.021,-0.3136
03/01/07,03,01,2007,WI2007,NCMM,Nat,Fringing,Oyster,6,0,-0.2255,G-03,0.021,-0.2045
03/01/07,03,01,2007,WI2007,NCMM,Nat,Fringing,Oyster,6,5,-0.1437,G-03,0.021,-0.1227
03/01/07,03,01,2007,WI2007,NCMM,Nat,Fringing,Oyster,6,10,-0.0792,G-03,0.021,-0.0582
03/01/07,03,01,2007,WI2007,NCMM,Nat,Fringing,Oyster,6,15,0.0665,G-03,0.021,0.0875
03/01/07,03,01,2007,WI2007,NCMM,Nat,Fringing,Oyster,6,20,0.2090,G-03,0.021,0.2300
03/01/07,03,01,2007,WI2007,NCMM,Nat,Fringing,Oyster,7,-1,-0.4847,G-03,0.021,-0.4637
03/01/07,03,01,2007,WI2007,NCMM,Nat,Fringing,Oyster,7,0,-0.4065,G-03,0.021,-0.3855
03/01/07,03,01,2007,WI2007,NCMM,Nat,Fringing,Oyster,7,5,0.1885,G-03,0.021,0.2095
03/01/07,03,01,2007,WI2007,NCMM,Nat,Fringing,Oyster,7,10,-0.1447,G-03,0.021,-0.1237
03/01/07,03,01,2007,WI2007,NCMM,Nat,Fringing,Oyster,7,15,0.0210,G-03,0.021,0.0420
03/01/07,03,01,2007,WI2007,NCMM,Nat,Fringing,Oyster,7,20,0.1082,G-03,0.021,0.1292
03/01/07,03,01,2007,WI2007,NCMM,Nat,Fringing,Oyster,7,25,0.3383,G-03,0.021,0.3593
03/01/07,03,01,2007,WI2007,NCMM,Nat,Fringing,Oyster,8,-1,-0.5081,G-03,0.021,-0.4871
03/01/07,03,01,2007,WI2007,NCMM,Nat,Fringing,Oyster,8,0,-0.4158,G-03,0.021,-0.3948
03/01/07,03,01,2007,WI2007,NCMM,Nat,Fringing,Oyster,8,5,0.1761,G-03,0.021,0.1971
03/01/07,03,01,2007,WI2007,NCMM,Nat,Fringing,Oyster,8,10,0.1811,G-03,0.021,0.2021
03/01/07,03,01,2007,WI2007,NCMM,Nat,Fringing,Oyster,8,15,-0.0317,G-03,0.021,-0.0107
03/01/07,03,01,2007,WI2007,NCMM,Nat,Fringing,Oyster,8,20,0.1736,G-03,0.021,0.1946
03/01/07,03,01,2007,WI2007,NCMM,Nat,Fringing,Oyster,9,-1,-0.4534,G-03,0.021,-0.4324
03/01/07,03,01,2007,WI2007,NCMM,Nat,Fringing,Oyster,9,0,-0.3634,G-03,0.021,-0.3424
03/01/07,03,01,2007,WI2007,NCMM,Nat,Fringing,Oyster,9,5,0.2362,G-03,0.021,0.2572
03/01/07,03,01,2007,WI2007,NCMM,Nat,Fringing,Oyster,9,10,0.2758,G-03,0.021,0.2968
03/01/07,03,01,2007,WI2007,NCMM,Nat,Fringing,Oyster,9,15,0.1358,G-03,0.021,0.1568
03/01/07,03,01,2007,WI2007,NCMM,Nat,Fringing,Oyster,9,20,0.2614,G-03,0.021,0.2824
03/01/07,03,01,2007,WI2007,NCMM,Sill,Fringing,Behind,0,-1,0.2616,G-03,0.009,0.2706
03/01/07,03,01,2007,WI2007,NCMM,Sill,Fringing,Adjacent,1,-1,-0.2893,G-03,0.009,-0.2803
03/01/07,03,01,2007,WI2007,NCMM,Sill,Fringing,Adjacent,1,0,-0.2247,G-03,0.009,-0.2157
03/01/07,03,01,2007,WI2007,NCMM,Sill,Fringing,Adjacent,1,5,-0.0467,G-03,0.009,-0.0377
03/01/07,03,01,2007,WI2007,NCMM,Sill,Fringing,Adjacent,2,-1,-0.4480,G-03,0.009,-0.4390
03/01/07,03,01,2007,WI2007,NCMM,Sill,Fringing,Adjacent,2,0,-0.3466,G-03,0.009,-0.3376
03/01/07,03,01,2007,WI2007,NCMM,Sill,Fringing,Adjacent,2,5,0.1891,G-03,0.009,0.1981
03/01/07,03,01,2007,WI2007,NCMM,Sill,Fringing,Adjacent,2,10,0.2075,G-03,0.009,0.2165
03/01/07,03,01,2007,WI2007,NCMM,Sill,Fringing,Adjacent,3,-1,-0.3464,G-03,0.009,-0.3374
03/01/07,03,01,2007,WI2007,NCMM,Sill,Fringing,Adjacent,3,0,-0.1914,G-03,0.009,-0.1824
03/01/07,03,01,2007,WI2007,NCMM,Sill,Fringing,Adjacent,3,5,0.2140,G-03,0.009,0.2230
03/01/07,03,01,2007,WI2007,NCMM,Sill,Fringing,Behind,4,-1,-0.1163,G-03,0.009,-0.1073
03/01/07,03,01,2007,WI2007,NCMM,Sill,Fringing,Behind,4,0,-0.0510,G-03,0.009,-0.0420
03/01/07,03,01,2007,WI2007,NCMM,Sill,Fringing,Behind,4,5,0.2269,G-03,0.009,0.2359
03/01/07,03,01,2007,WI2007,NCMM,Sill,Fringing,Behind,4,10,0.2429,G-03,0.009,0.2519
03/01/07,03,01,2007,WI2007,NCMM,Sill,Fringing,Behind,4,15,0.5362,G-03,0.009,0.5452
03/01/07,03,01,2007,WI2007,NCMM,Sill,Fringing,Behind,5,-1,-0.2865,G-03,0.009,-0.2775
03/01/07,03,01,2007,WI2007,NCMM,Sill,Fringing,Behind,5,0,-0.2404,G-03,0.009,-0.2314
03/01/07,03,01,2007,WI2007,NCMM,Sill,Fringing,Behind,5,5,0.0670,G-03,0.009,0.0760
03/01/07,03,01,2007,WI2007,NCMM,Sill,Fringing,Behind,5,10,0.3368,G-03,0.009,0.3458
02/28/07,02,28,2007,WI2007,PI,Nat,Fringing,Oyster,1,5,-0.1385,G-03,0,-0.1385
02/28/07,02,28,2007,WI2007,PI,Nat,Fringing,Oyster,1,10,0.0409,G-03,0,0.0409
02/28/07,02,28,2007,WI2007,PI,Nat,Fringing,Oyster,1,15,0.1826,G-03,0,0.1826
02/28/07,02,28,2007,WI2007,PI,Nat,Fringing,Oyster,1,20,0.5964,G-03,0,0.5964
02/28/07,02,28,2007,WI2007,PI,Nat,Fringing,Oyster,2,-1,-0.3301,G-03,0,-0.3301
02/28/07,02,28,2007,WI2007,PI,Nat,Fringing,Oyster,2,0,-0.3102,G-03,0,-0.3102
02/28/07,02,28,2007,WI2007,PI,Nat,Fringing,Oyster,2,5,-0.1215,G-03,0,-0.1215
02/28/07,02,28,2007,WI2007,PI,Nat,Fringing,Oyster,2,10,0.0712,G-03,0,0.0712
02/28/07,02,28,2007,WI2007,PI,Nat,Fringing,Oyster,2,15,0.3125,G-03,0,0.3125
02/28/07,02,28,2007,WI2007,PI,Nat,Fringing,Oyster,3,-1,-0.3327,G-03,0,-0.3327
02/28/07,02,28,2007,WI2007,PI,Nat,Fringing,Oyster,3,0,-0.2956,G-03,0,-0.2956
02/28/07,02,28,2007,WI2007,PI,Nat,Fringing,Oyster,3,5,-0.0912,G-03,0,-0.0912
02/28/07,02,28,2007,WI2007,PI,Nat,Fringing,Oyster,3,10,0.0791,G-03,0,0.0791
02/28/07,02,28,2007,WI2007,PI,Nat,Fringing,Oyster,3,15,0.6181,G-03,0,0.6181
02/28/07,02,28,2007,WI2007,PI,Nat,Fringing,Oyster,4,-1,-0.4122,G-03,0,-0.4122
02/28/07,02,28,2007,WI2007,PI,Nat,Fringing,Oyster,4,0,-0.3794,G-03,0,-0.3794
02/28/07,02,28,2007,WI2007,PI,Nat,Fringing,Oyster,4,5,-0.0451,G-03,0,-0.0451
02/28/07,02,28,2007,WI2007,PI,Nat,Fringing,Oyster,4,10,0.1529,G-03,0,0.1529
02/28/07,02,28,2007,WI2007,PI,Nat,Fringing,Oyster,4,15,0.7765,G-03,0,0.7765
02/28/07,02,28,2007,WI2007,PI,Nat,Fringing,Oyster,5,-1,-0.2188,G-03,0,-0.2188
02/28/07,02,28,2007,WI2007,PI,Nat,Fringing,Oyster,5,0,-0.1702,G-03,0,-0.1702
02/28/07,02,28,2007,WI2007,PI,Nat,Fringing,Oyster,5,5,0.0848,G-03,0,0.0848
02/28/07,02,28,2007,WI2007,PI,Nat,Fringing,Oyster,5,10,0.5738,G-03,0,0.5738
02/28/07,02,28,2007,WI2007,PI,Sill,Fringing,Behind,1,5,0.5816,G-03,-0.004,0.5776
02/28/07,02,28,2007,WI2007,PI,Sill,Fringing,Behind,2,-1,-0.1002,G-03,-0.004,-0.1042
02/28/07,02,28,2007,WI2007,PI,Sill,Fringing,Behind,2,0,-0.1517,G-03,-0.004,-0.1557
02/28/07,02,28,2007,WI2007,PI,Sill,Fringing,Behind,2,5,0.3531,G-03,-0.004,0.3491
02/28/07,02,28,2007,WI2007,PI,Sill,Fringing,Behind,2,10,0.9733,G-03,-0.004,0.9693
02/28/07,02,28,2007,WI2007,PI,Sill,Fringing,Behind,3,0,-0.3212,G-03,-0.004,-0.3252
02/28/07,02,28,2007,WI2007,PI,Sill,Fringing,Behind,3,5,0.0368,G-03,-0.004,0.0328
02/28/07,02,28,2007,WI2007,PI,Sill,Fringing,Behind,3,10,0.6481,G-03,-0.004,0.6441
02/28/07,02,28,2007,WI2007,PI,Sill,Fringing,Behind,3,15,0.8929,G-03,-0.004,0.8889
02/28/07,02,28,2007,WI2007,PI,Sill,Fringing,Behind,4,0,-0.2866,G-03,-0.004,-0.2906
02/28/07,02,28,2007,WI2007,PI,Sill,Fringing,Behind,4,5,-0.0757,G-03,-0.004,-0.0797
02/28/07,02,28,2007,WI2007,PI,Sill,Fringing,Behind,4,10,0.2069,G-03,-0.004,0.2029
02/28/07,02,28,2007,WI2007,PI,Sill,Fringing,Behind,4,15,0.7030,G-03,-0.004,0.6990
02/28/07,02,28,2007,WI2007,PI,Sill,Fringing,Behind,4,20,0.9524,G-03,-0.004,0.9484
02/28/07,02,28,2007,WI2007,PI,Sill,Fringing,Behind,5,0,-0.2933,G-03,-0.004,-0.2973
02/28/07,02,28,2007,WI2007,PI,Sill,Fringing,Behind,5,5,-0.0447,G-03,-0.004,-0.0487
02/28/07,02,28,2007,WI2007,PI,Sill,Fringing,Behind,5,10,0.2027,G-03,-0.004,0.1987
02/28/07,02,28,2007,WI2007,PI,Sill,Fringing,Behind,5,15,0.6726,G-03,-0.004,0.6686
02/28/07,02,28,2007,WI2007,PI,Sill,Fringing,Behind,5,20,0.9413,G-03,-0.004,0.9373
02/28/07,02,28,2007,WI2007,PI,Sill,Fringing,Behind,6,0,-0.2921,G-03,-0.004,-0.2961
02/28/07,02,28,2007,WI2007,PI,Sill,Fringing,Behind,6,5,-0.1338,G-03,-0.004,-0.1378
02/28/07,02,28,2007,WI2007,PI,Sill,Fringing,Behind,6,10,0.1939,G-03,-0.004,0.1899
02/28/07,02,28,2007,WI2007,PI,Sill,Fringing,Behind,6,15,0.7302,G-03,-0.004,0.7262
02/28/07,02,28,2007,WI2007,PI,Sill,Fringing,Behind,6,20,0.9746,G-03,-0.004,0.9706
02/28/07,02,28,2007,WI2007,PI,Sill,Fringing,Behind,7,-1,-0.2226,G-03,-0.004,-0.2266
02/28/07,02,28,2007,WI2007,PI,Sill,Fringing,Behind,7,0,-0.1997,G-03,-0.004,-0.2037
02/28/07,02,28,2007,WI2007,PI,Sill,Fringing,Behind,7,5,-0.0322,G-03,-0.004,-0.0362
02/28/07,02,28,2007,WI2007,PI,Sill,Fringing,Behind,7,10,0.4409,G-03,-0.004,0.4369
03/08/07,03,08,2007,WI2007,PKS,Nat,Fringing,None,6,5,-0.2183,G-03,0.026,-0.1923
03/08/07,03,08,2007,WI2007,PKS,Nat,Fringing,None,6,10,0.1312,G-03,0.026,0.1572
03/08/07,03,08,2007,WI2007,PKS,Nat,Fringing,None,7,5,-0.1079,G-03,0.026,-0.0819
03/08/07,03,08,2007,WI2007,PKS,Nat,Fringing,None,7,10,-0.0556,G-03,0.026,-0.0296
03/08/07,03,08,2007,WI2007,PKS,Nat,Fringing,None,7,15,0.1173,G-03,0.026,0.1433
03/08/07,03,08,2007,WI2007,PKS,Nat,Fringing,None,8,-1,-0.4692,G-03,0.026,-0.4432
03/08/07,03,08,2007,WI2007,PKS,Nat,Fringing,None,8,0,-0.3658,G-03,0.026,-0.3398
03/08/07,03,08,2007,WI2007,PKS,Nat,Fringing,None,8,5,0.2198,G-03,0.026,0.2458
03/08/07,03,08,2007,WI2007,PKS,Nat,Fringing,None,8,10,0.1165,G-03,0.026,0.1425
03/08/07,03,08,2007,WI2007,PKS,Nat,Fringing,None,8,15,0.1941,G-03,0.026,0.2201
03/08/07,03,08,2007,WI2007,PKS,Nat,Fringing,None,9,-1,-0.4431,G-03,0.026,-0.4171
03/08/07,03,08,2007,WI2007,PKS,Nat,Fringing,None,9,0,-0.4427,G-03,0.026,-0.4167
03/08/07,03,08,2007,WI2007,PKS,Nat,Fringing,None,9,5,0.0145,G-03,0.026,0.0405
03/08/07,03,08,2007,WI2007,PKS,Nat,Fringing,None,9,10,0.0776,G-03,0.026,0.1036
03/08/07,03,08,2007,WI2007,PKS,Nat,Fringing,None,9,15,0.2012,G-03,0.026,0.2272
03/08/07,03,08,2007,WI2007,PKS,Nat,Fringing,None,10,5,0.1206,G-03,0.026,0.1466
03/08/07,03,08,2007,WI2007,PKS,Nat,Fringing,None,10,10,0.1788,G-03,0.026,0.2048
03/08/07,03,08,2007,WI2007,PKS,Nat,Non-Fringing,Eroded,11,-1,-0.2586,G-03,0.016,-0.2426
03/08/07,03,08,2007,WI2007,PKS,Nat,Non-Fringing,Eroded,11,0,-0.2376,G-03,0.016,-0.2216
03/08/07,03,08,2007,WI2007,PKS,Nat,Non-Fringing,Eroded,11,5,0.0112,G-03,0.016,0.0272
03/08/07,03,08,2007,WI2007,PKS,Nat,Non-Fringing,Eroded,11,10,0.0407,G-03,0.016,0.0567
03/08/07,03,08,2007,WI2007,PKS,Nat,Non-Fringing,Eroded,11,15,0.1348,G-03,0.016,0.1508
03/08/07,03,08,2007,WI2007,PKS,Nat,Non-Fringing,Eroded,11,20,0.1580,G-03,0.016,0.1740
03/08/07,03,08,2007,WI2007,PKS,Nat,Non-Fringing,Eroded,11,25,0.1318,G-03,0.016,0.1478
03/08/07,03,08,2007,WI2007,PKS,Nat,Non-Fringing,Eroded,11,30,0.1346,G-03,0.016,0.1506
03/08/07,03,08,2007,WI2007,PKS,Nat,Non-Fringing,Eroded,12,-1,-0.2621,G-03,0.016,-0.2461
03/08/07,03,08,2007,WI2007,PKS,Nat,Non-Fringing,Eroded,12,0,-0.1435,G-03,0.016,-0.1275
03/08/07,03,08,2007,WI2007,PKS,Nat,Non-Fringing,Eroded,12,5,0.0202,G-03,0.016,0.0362
03/08/07,03,08,2007,WI2007,PKS,Nat,Non-Fringing,Eroded,12,10,-0.0021,G-03,0.016,0.0139
03/08/07,03,08,2007,WI2007,PKS,Nat,Non-Fringing,Eroded,12,15,0.0570,G-03,0.016,0.0730
03/08/07,03,08,2007,WI2007,PKS,Nat,Non-Fringing,Eroded,12,20,0.0932,G-03,0.016,0.1092
03/08/07,03,08,2007,WI2007,PKS,Nat,Non-Fringing,Eroded,12,25,0.1486,G-03,0.016,0.1646
03/08/07,03,08,2007,WI2007,PKS,Nat,Non-Fringing,Eroded,12,30,0.1428,G-03,0.016,0.1588
03/08/07,03,08,2007,WI2007,PKS,Nat,Non-Fringing,Eroded,12,35,0.1508,G-03,0.016,0.1668
03/08/07,03,08,2007,WI2007,PKS,Nat,Non-Fringing,Eroded,12,40,0.1383,G-03,0.016,0.1543
03/08/07,03,08,2007,WI2007,PKS,Nat,Non-Fringing,Eroded,12,45,0.1419,G-03,0.016,0.1579
03/08/07,03,08,2007,WI2007,PKS,Nat,Non-Fringing,Eroded,12,50,0.1591,G-03,0.016,0.1751
03/08/07,03,08,2007,WI2007,PKS,Nat,Non-Fringing,Eroded,12,55,0.1556,G-03,0.016,0.1716
03/08/07,03,08,2007,WI2007,PKS,Nat,Non-Fringing,Eroded,12,60,0.1655,G-03,0.016,0.1815
03/08/07,03,08,2007,WI2007,PKS,Nat,Non-Fringing,Eroded,12,68,0.1635,G-03,0.016,0.1795
03/08/07,03,08,2007,WI2007,PKS,Nat,Non-Fringing,Eroded,12,70,0.1762,G-03,0.016,0.1922
03/08/07,03,08,2007,WI2007,PKS,Nat,Non-Fringing,Eroded,13,0,-0.0515,G-03,0.016,-0.0355
03/08/07,03,08,2007,WI2007,PKS,Nat,Non-Fringing,Eroded,13,5,0.0530,G-03,0.016,0.0690
03/08/07,03,08,2007,WI2007,PKS,Nat,Non-Fringing,Eroded,13,10,0.0252,G-03,0.016,0.0412
03/08/07,03,08,2007,WI2007,PKS,Nat,Non-Fringing,Eroded,13,15,0.0737,G-03,0.016,0.0897
03/08/07,03,08,2007,WI2007,PKS,Nat,Non-Fringing,Eroded,13,20,0.0917,G-03,0.016,0.1077
03/08/07,03,08,2007,WI2007,PKS,Nat,Non-Fringing,Eroded,13,25,0.0914,G-03,0.016,0.1074
03/08/07,03,08,2007,WI2007,PKS,Nat,Non-Fringing,Eroded,13,30,0.1148,G-03,0.016,0.1308
03/08/07,03,08,2007,WI2007,PKS,Nat,Non-Fringing,Eroded,13,35,0.1329,G-03,0.016,0.1489
03/08/07,03,08,2007,WI2007,PKS,Nat,Non-Fringing,Eroded,13,40,0.1276,G-03,0.016,0.1436
03/08/07,03,08,2007,WI2007,PKS,Nat,Non-Fringing,Eroded,13,45,0.1440,G-03,0.016,0.1600
03/08/07,03,08,2007,WI2007,PKS,Nat,Non-Fringing,Eroded,13,50,0.1434,G-03,0.016,0.1594
03/08/07,03,08,2007,WI2007,PKS,Nat,Non-Fringing,Eroded,13,55,0.1348,G-03,0.016,0.1508
03/08/07,03,08,2007,WI2007,PKS,Nat,Non-Fringing,Eroded,13,60,0.1448,G-03,0.016,0.1608
03/08/07,03,08,2007,WI2007,PKS,Sill,Fringing,Behind,1,-1,0.0780,G-03,0,0.0780
03/08/07,03,08,2007,WI2007,PKS,Sill,Fringing,Behind,1,0,0.0810,G-03,0,0.0810
03/08/07,03,08,2007,WI2007,PKS,Sill,Fringing,Behind,1,5,0.1118,G-03,0,0.1118
03/08/07,03,08,2007,WI2007,PKS,Sill,Fringing,Behind,2,-1,-0.1152,G-03,0,-0.1152
03/08/07,03,08,2007,WI2007,PKS,Sill,Fringing,Behind,2,0,-0.0978,G-03,0,-0.0978
03/08/07,03,08,2007,WI2007,PKS,Sill,Fringing,Behind,2,3,0.0533,G-03,0,0.0533
03/08/07,03,08,2007,WI2007,PKS,Sill,Fringing,Behind,2,5,0.1521,G-03,0,0.1521
03/08/07,03,08,2007,WI2007,PKS,Sill,Fringing,Behind,2,6,0.1718,G-03,0,0.1718
03/08/07,03,08,2007,WI2007,PKS,Sill,Fringing,Behind,2,10,0.3072,G-03,0,0.3072
03/08/07,03,08,2007,WI2007,PKS,Sill,Fringing,Behind,2,15,0.3196,G-03,0,0.3196
03/08/07,03,08,2007,WI2007,PKS,Sill,Fringing,Behind,3,-1,-0.1522,G-03,0,-0.1522
03/08/07,03,08,2007,WI2007,PKS,Sill,Fringing,Behind,3,0,-0.1027,G-03,0,-0.1027
03/08/07,03,08,2007,WI2007,PKS,Sill,Fringing,Behind,3,5,0.0365,G-03,0,0.0365
03/08/07,03,08,2007,WI2007,PKS,Sill,Fringing,Behind,3,10,0.1838,G-03,0,0.1838
03/08/07,03,08,2007,WI2007,PKS,Sill,Fringing,Behind,3,15,0.2620,G-03,0,0.2620
03/08/07,03,08,2007,WI2007,PKS,Sill,Fringing,Behind,4,-1,-0.0626,G-03,0,-0.0626
03/08/07,03,08,2007,WI2007,PKS,Sill,Fringing,Behind,4,0,-0.0634,G-03,0,-0.0634
03/08/07,03,08,2007,WI2007,PKS,Sill,Fringing,Behind,4,5,0.1291,G-03,0,0.1291
03/08/07,03,08,2007,WI2007,PKS,Sill,Fringing,Behind,4,10,0.2459,G-03,0,0.2459
03/08/07,03,08,2007,WI2007,PKS,Sill,Fringing,Behind,4,15,0.3345,G-03,0,0.3345
03/08/07,03,08,2007,WI2007,PKS,Sill,Fringing,Behind,5,-1,-0.0415,G-03,0,-0.0415
03/08/07,03,08,2007,WI2007,PKS,Sill,Fringing,Behind,5,0,0.0114,G-03,0,0.0114
03/08/07,03,08,2007,WI2007,PKS,Sill,Fringing,Behind,5,5,-0.0718,G-03,0,-0.0718
03/08/07,03,08,2007,WI2007,PKS,Sill,Fringing,Behind,5,10,-0.0354,G-03,0,-0.0354
03/08/07,03,08,2007,WI2007,PKS,Sill,Fringing,Behind,5,15,0.0713,G-03,0,0.0713
03/08/07,03,08,2007,WI2007,PKS,Sill,Fringing,Behind,5,19,0.1780,G-03,0,0.1780
03/08/07,03,08,2007,WI2007,PKS,Sill,Fringing,Behind,5,20,0.2480,G-03,0,0.2480
10/21/08,10,21,2008,WI2008,MM,Nat,Non-Fringing,None,4,10,-0.078,G-03,0.013,-0.0650
10/21/08,10,21,2008,FA2008,MM,Nat,Non-Fringing,None,5,5,-0.112,G-03,0.013,-0.0988
10/21/08,10,21,2008,FA2008,MM,Nat,Non-Fringing,None,5,10,0.058,G-03,0.013,0.0712
10/21/08,10,21,2008,FA2008,MM,Nat,Non-Fringing,None,5,15,-0.102,G-03,0.013,-0.0894
10/21/08,10,21,2008,FA2008,MM,Nat,Non-Fringing,None,5,20,0.012,G-03,0.013,0.0247
10/21/08,10,21,2008,FA2008,MM,Nat,Non-Fringing,None,5,30,-0.048,G-03,0.013,-0.0350
10/21/08,10,21,2008,FA2008,MM,Nat,Non-Fringing,None,6,5,-0.130,G-03,0.013,-0.1167
10/21/08,10,21,2008,FA2008,MM,Nat,Non-Fringing,None,6,10,-0.045,G-03,0.013,-0.0323
10/21/08,10,21,2008,FA2008,MM,Nat,Non-Fringing,None,6,15,-0.099,G-03,0.013,-0.0857
10/21/08,10,21,2008,FA2008,MM,Nat,Non-Fringing,None,6,20,-0.157,G-03,0.013,-0.1441
10/21/08,10,21,2008,FA2008,MM,Nat,Non-Fringing,None,6,30,-0.090,G-03,0.013,-0.0773
10/21/08,10,21,2008,FA2008,MM,Nat,Non-Fringing,None,6,40,-0.071,G-03,0.013,-0.0582
10/21/08,10,21,2008,FA2008,MM,Nat,Non-Fringing,None,7,5,0.021,G-03,0.013,0.0337
10/21/08,10,21,2008,FA2008,MM,Nat,Non-Fringing,None,7,10,-0.108,G-03,0.013,-0.0950
10/21/08,10,21,2008,FA2008,MM,Nat,Non-Fringing,None,7,15,-0.207,G-03,0.013,-0.1939
10/21/08,10,21,2008,FA2008,MM,Nat,Non-Fringing,None,7,20,-0.201,G-03,0.013,-0.1876
10/21/08,10,21,2008,FA2008,MM,Nat,Non-Fringing,None,7,30,-0.133,G-03,0.013,-0.1199
10/21/08,10,21,2008,FA2008,MM,Nat,Non-Fringing,None,7,40,-0.120,G-03,0.013,-0.1071
06/19/08,6,19,2008,SU2008,NCMM,Nat,Fringing,Oyster,6,-1,-0.384,G-03,0.021,-0.3635
06/19/08,6,19,2008,SU2008,NCMM,Nat,Fringing,Oyster,6,0,-0.286,G-03,0.021,-0.2648
06/19/08,6,19,2008,SU2008,NCMM,Nat,Fringing,Oyster,6,5,-0.079,G-03,0.021,-0.0576
06/19/08,6,19,2008,SU2008,NCMM,Nat,Fringing,Oyster,6,10,-0.131,G-03,0.021,-0.1097
06/19/08,6,19,2008,SU2008,NCMM,Nat,Fringing,Oyster,6,15,0.022,G-03,0.021,0.0425
06/19/08,6,19,2008,SU2008,NCMM,Nat,Fringing,Oyster,6,20,0.130,G-03,0.021,0.1510
06/19/08,6,19,2008,SU2008,NCMM,Nat,Fringing,Oyster,6,25,0.384,G-03,0.021,0.4046
06/19/08,6,19,2008,SU2008,NCMM,Nat,Fringing,Oyster,7,-1,-0.539,G-03,0.021,-0.5184
06/19/08,6,19,2008,SU2008,NCMM,Nat,Fringing,Oyster,7,0,-0.451,G-03,0.021,-0.4302
06/19/08,6,19,2008,SU2008,NCMM,Nat,Fringing,Oyster,7,5,0.139,G-03,0.021,0.1603
06/19/08,6,19,2008,SU2008,NCMM,Nat,Fringing,Oyster,7,10,-0.158,G-03,0.021,-0.1372
06/19/08,6,19,2008,SU2008,NCMM,Nat,Fringing,Oyster,7,15,-0.030,G-03,0.021,-0.0086
06/19/08,6,19,2008,SU2008,NCMM,Nat,Fringing,Oyster,7,20,0.074,G-03,0.021,0.0947
06/19/08,6,19,2008,SU2008,NCMM,Nat,Fringing,Oyster,7,25,0.286,G-03,0.021,0.3066
06/19/08,6,19,2008,SU2008,NCMM,Nat,Fringing,Oyster,8,-1,-0.562,G-03,0.021,-0.5405
06/19/08,6,19,2008,SU2008,NCMM,Nat,Fringing,Oyster,8,0,-0.468,G-03,0.021,-0.4474
06/19/08,6,19,2008,SU2008,NCMM,Nat,Fringing,Oyster,8,5,0.058,G-03,0.021,0.0789
06/19/08,6,19,2008,SU2008,NCMM,Nat,Fringing,Oyster,8,10,0.136,G-03,0.021,0.1568
06/19/08,6,19,2008,SU2008,NCMM,Nat,Fringing,Oyster,8,15,-0.010,G-03,0.021,0.0106
06/19/08,6,19,2008,SU2008,NCMM,Nat,Fringing,Oyster,8,20,0.157,G-03,0.021,0.1779
06/19/08,6,19,2008,SU2008,NCMM,Nat,Fringing,Oyster,9,-1,-0.507,G-03,0.021,-0.4864
06/19/08,6,19,2008,SU2008,NCMM,Nat,Fringing,Oyster,9,0,-0.425,G-03,0.021,-0.4044
06/19/08,6,19,2008,SU2008,NCMM,Nat,Fringing,Oyster,9,5,0.201,G-03,0.021,0.2222
06/19/08,6,19,2008,SU2008,NCMM,Nat,Fringing,Oyster,9,10,0.294,G-03,0.021,0.3151
06/19/08,6,19,2008,SU2008,NCMM,Nat,Fringing,Oyster,9,15,0.094,G-03,0.021,0.1148
06/19/08,6,19,2008,SU2008,NCMM,Sill,Fringing,Behind,0,-1,0.277,G-03,0.009,0.2863
06/19/08,6,19,2008,SU2008,NCMM,Sill,Fringing,Adjacent,1,-1,-0.318,G-03,0.009,-0.3088
06/19/08,6,19,2008,SU2008,NCMM,Sill,Fringing,Adjacent,1,0,-0.263,G-03,0.009,-0.2536
06/19/08,6,19,2008,SU2008,NCMM,Sill,Fringing,Adjacent,1,5,-0.052,G-03,0.009,-0.0434
06/19/08,6,19,2008,SU2008,NCMM,Sill,Fringing,Adjacent,2,-1,-0.463,G-03,0.009,-0.4537
06/19/08,6,19,2008,SU2008,NCMM,Sill,Fringing,Adjacent,2,0,-0.361,G-03,0.009,-0.3516
06/19/08,6,19,2008,SU2008,NCMM,Sill,Fringing,Adjacent,2,5,0.255,G-03,0.009,0.2643
06/19/08,6,19,2008,SU2008,NCMM,Sill,Fringing,Adjacent,2,10,0.211,G-03,0.009,0.2203
06/19/08,6,19,2008,SU2008,NCMM,Sill,Fringing,Adjacent,2,15,0.581,G-03,0.009,0.5901
06/19/08,6,19,2008,SU2008,NCMM,Sill,Fringing,Adjacent,3,-1,-0.423,G-03,0.009,-0.4141
06/19/08,6,19,2008,SU2008,NCMM,Sill,Fringing,Adjacent,3,0,-0.314,G-03,0.009,-0.3047
06/19/08,6,19,2008,SU2008,NCMM,Sill,Fringing,Adjacent,3,5,0.140,G-03,0.009,0.1491
06/19/08,6,19,2008,SU2008,NCMM,Sill,Fringing,Adjacent,3,10,0.574,G-03,0.009,0.5833
06/19/08,6,19,2008,SU2008,NCMM,Sill,Fringing,Behind,4,-1,-0.140,G-03,0.009,-0.1306
06/19/08,6,19,2008,SU2008,NCMM,Sill,Fringing,Behind,4,0,-0.070,G-03,0.009,-0.0613
06/19/08,6,19,2008,SU2008,NCMM,Sill,Fringing,Behind,4,5,0.197,G-03,0.009,0.2057
06/19/08,6,19,2008,SU2008,NCMM,Sill,Fringing,Behind,4,10,0.238,G-03,0.009,0.2467
06/19/08,6,19,2008,SU2008,NCMM,Sill,Fringing,Behind,4,15,0.629,G-03,0.009,0.6382
06/19/08,6,19,2008,SU2008,NCMM,Sill,Fringing,Behind,5,-1,-0.311,G-03,0.009,-0.3023
06/19/08,6,19,2008,SU2008,NCMM,Sill,Fringing,Behind,5,0,-0.223,G-03,0.009,-0.2139
06/19/08,6,19,2008,SU2008,NCMM,Sill,Fringing,Behind,5,5,0.071,G-03,0.009,0.0795
06/19/08,6,19,2008,SU2008,NCMM,Sill,Fringing,Behind,5,10,0.322,G-03,0.009,0.3308
06/19/08,6,19,2008,SU2008,NCMM,Sill,Fringing,Behind,5,15,0.617,G-03,0.009,0.6260
06/16/08,6,16,2008,SU2008,PI,Sill,Fringing,Behind,1,5,0.548,G-03,-0.004,0.5440
06/16/08,6,16,2008,SU2008,PI,Sill,Fringing,Behind,2,-1,-0.087,G-03,-0.004,-0.0910
06/16/08,6,16,2008,SU2008,PI,Sill,Fringing,Behind,2,0,-0.116,G-03,-0.004,-0.1200
06/16/08,6,16,2008,SU2008,PI,Sill,Fringing,Behind,2,5,0.379,G-03,-0.004,0.3750
06/16/08,6,16,2008,SU2008,PI,Sill,Fringing,Behind,2,10,0.999,G-03,-0.004,0.9950
06/16/08,6,16,2008,SU2008,PI,Sill,Fringing,Behind,3,0,-0.273,G-03,-0.004,-0.2770
06/16/08,6,16,2008,SU2008,PI,Sill,Fringing,Behind,3,5,0.066,G-03,-0.004,0.0620
06/16/08,6,16,2008,SU2008,PI,Sill,Fringing,Behind,3,10,0.658,G-03,-0.004,0.6540
06/16/08,6,16,2008,SU2008,PI,Sill,Fringing,Behind,3,15,0.891,G-03,-0.004,0.8870
06/16/08,6,16,2008,SU2008,PI,Sill,Fringing,Behind,4,0,-0.239,G-03,-0.004,-0.2430
06/16/08,6,16,2008,SU2008,PI,Sill,Fringing,Behind,4,5,-0.055,G-03,-0.004,-0.0590
06/16/08,6,16,2008,SU2008,PI,Sill,Fringing,Behind,4,10,0.231,G-03,-0.004,0.2270
06/16/08,6,16,2008,SU2008,PI,Sill,Fringing,Behind,4,15,0.821,G-03,-0.004,0.8170
06/16/08,6,16,2008,SU2008,PI,Sill,Fringing,Behind,4,20,0.991,G-03,-0.004,0.9870
06/16/08,6,16,2008,SU2008,PI,Sill,Fringing,Behind,5,0,-0.261,G-03,-0.004,-0.2650
06/16/08,6,16,2008,SU2008,PI,Sill,Fringing,Behind,5,5,-0.032,G-03,-0.004,-0.0360
06/16/08,6,16,2008,SU2008,PI,Sill,Fringing,Behind,5,10,0.229,G-03,-0.004,0.2250
06/16/08,6,16,2008,SU2008,PI,Sill,Fringing,Behind,5,15,0.768,G-03,-0.004,0.7640
06/16/08,6,16,2008,SU2008,PI,Sill,Fringing,Behind,5,20,0.961,G-03,-0.004,0.9570
06/16/08,6,16,2008,SU2008,PI,Sill,Fringing,Behind,6,0,-0.283,G-03,-0.004,-0.2870
06/16/08,6,16,2008,SU2008,PI,Sill,Fringing,Behind,6,5,-0.113,G-03,-0.004,-0.1170
06/16/08,6,16,2008,SU2008,PI,Sill,Fringing,Behind,6,10,0.191,G-03,-0.004,0.1870
06/16/08,6,16,2008,SU2008,PI,Sill,Fringing,Behind,6,15,0.804,G-03,-0.004,0.8000
06/16/08,6,16,2008,SU2008,PI,Sill,Fringing,Behind,6,20,1.004,G-03,-0.004,1.0000
06/16/08,6,16,2008,SU2008,PI,Sill,Fringing,Behind,7,-1,-0.183,G-03,-0.004,-0.1870
06/16/08,6,16,2008,SU2008,PI,Sill,Fringing,Behind,7,0,-0.178,G-03,-0.004,-0.1820
06/16/08,6,16,2008,SU2008,PI,Sill,Fringing,Behind,7,5,-0.030,G-03,-0.004,-0.0340
06/16/08,6,16,2008,SU2008,PI,Sill,Fringing,Behind,7,10,0.422,G-03,-0.004,0.4180
06/27/08,6,27,2008,SU2008,PKS,Nat,Fringing,None,6,5,-0.334,G-03,0.026,-0.3080
06/27/08,6,27,2008,SU2008,PKS,Nat,Fringing,None,6,10,0.131,G-03,0.026,0.1569
06/27/08,6,27,2008,SU2008,PKS,Nat,Fringing,None,6,15,0.224,G-03,0.026,0.2496
06/27/08,6,27,2008,SU2008,PKS,Nat,Fringing,None,7,5,-0.163,G-03,0.026,-0.1374
06/27/08,6,27,2008,SU2008,PKS,Nat,Fringing,None,7,10,-0.095,G-03,0.026,-0.0685
06/27/08,6,27,2008,SU2008,PKS,Nat,Fringing,None,7,15,0.119,G-03,0.026,0.1451
06/27/08,6,27,2008,SU2008,PKS,Nat,Fringing,None,7,19,0.245,G-03,0.026,0.2708
06/27/08,6,27,2008,SU2008,PKS,Nat,Fringing,None,8,-1,-0.469,G-03,0.026,-0.4425
06/27/08,6,27,2008,SU2008,PKS,Nat,Fringing,None,8,0,-0.332,G-03,0.026,-0.3063
06/27/08,6,27,2008,SU2008,PKS,Nat,Fringing,None,8,5,0.193,G-03,0.026,0.2192
06/27/08,6,27,2008,SU2008,PKS,Nat,Fringing,None,8,10,0.110,G-03,0.026,0.1360
06/27/08,6,27,2008,SU2008,PKS,Nat,Fringing,None,8,15,0.190,G-03,0.026,0.2160
06/27/08,6,27,2008,SU2008,PKS,Nat,Fringing,None,8,18,0.244,G-03,0.026,0.2704
06/27/08,6,27,2008,SU2008,PKS,Nat,Fringing,None,9,0,-0.434,G-03,0.026,-0.4081
06/27/08,6,27,2008,SU2008,PKS,Nat,Fringing,None,9,5,-0.003,G-03,0.026,0.0231
06/27/08,6,27,2008,SU2008,PKS,Nat,Fringing,None,9,10,0.080,G-03,0.026,0.1061
06/27/08,6,27,2008,SU2008,PKS,Nat,Fringing,None,9,15,0.185,G-03,0.026,0.2113
06/27/08,6,27,2008,SU2008,PKS,Nat,Fringing,None,9,18,0.201,G-03,0.026,0.2267
06/27/08,6,27,2008,SU2008,PKS,Nat,Fringing,None,10,-1,-0.453,G-03,0.026,-0.4268
06/27/08,6,27,2008,SU2008,PKS,Nat,Fringing,None,10,0,-0.273,G-03,0.026,-0.2470
06/27/08,6,27,2008,SU2008,PKS,Nat,Fringing,None,10,5,0.103,G-03,0.026,0.1295
06/27/08,6,27,2008,SU2008,PKS,Nat,Fringing,None,10,10,0.182,G-03,0.026,0.2084
06/27/08,6,27,2008,SU2008,PKS,Nat,Non-Fringing,Eroded,11,-1,-0.321,G-03,0.016,-0.3048
06/27/08,6,27,2008,SU2008,PKS,Nat,Non-Fringing,Eroded,11,0,-0.269,G-03,0.016,-0.2535
06/27/08,6,27,2008,SU2008,PKS,Nat,Non-Fringing,Eroded,11,5,-0.018,G-03,0.016,-0.0019
06/27/08,6,27,2008,SU2008,PKS,Nat,Non-Fringing,Eroded,11,10,0.008,G-03,0.016,0.0243
06/27/08,6,27,2008,SU2008,PKS,Nat,Non-Fringing,Eroded,11,15,-0.057,G-03,0.016,-0.0414
06/27/08,6,27,2008,SU2008,PKS,Nat,Non-Fringing,Eroded,11,20,0.061,G-03,0.016,0.0768
06/27/08,6,27,2008,SU2008,PKS,Nat,Non-Fringing,Eroded,11,25,0.033,G-03,0.016,0.0494
06/27/08,6,27,2008,SU2008,PKS,Nat,Non-Fringing,Eroded,11,30,0.091,G-03,0.016,0.1073
06/27/08,6,27,2008,SU2008,PKS,Nat,Non-Fringing,Eroded,11,36,0.086,G-03,0.016,0.1018
06/27/08,6,27,2008,SU2008,PKS,Nat,Non-Fringing,Eroded,12,-1,-0.334,G-03,0.016,-0.3179
06/27/08,6,27,2008,SU2008,PKS,Nat,Non-Fringing,Eroded,12,0,-0.240,G-03,0.016,-0.2240
06/27/08,6,27,2008,SU2008,PKS,Nat,Non-Fringing,Eroded,12,5,0.013,G-03,0.016,0.0295
06/27/08,6,27,2008,SU2008,PKS,Nat,Non-Fringing,Eroded,12,10,-0.027,G-03,0.016,-0.0113
06/27/08,6,27,2008,SU2008,PKS,Nat,Non-Fringing,Eroded,12,15,0.014,G-03,0.016,0.0296
06/27/08,6,27,2008,SU2008,PKS,Nat,Non-Fringing,Eroded,12,20,0.056,G-03,0.016,0.0725
06/27/08,6,27,2008,SU2008,PKS,Nat,Non-Fringing,Eroded,12,25,0.101,G-03,0.016,0.1167
06/27/08,6,27,2008,SU2008,PKS,Nat,Non-Fringing,Eroded,12,30,0.112,G-03,0.016,0.1277
06/27/08,6,27,2008,SU2008,PKS,Nat,Non-Fringing,Eroded,12,35,0.098,G-03,0.016,0.1138
06/27/08,6,27,2008,SU2008,PKS,Nat,Non-Fringing,Eroded,12,40,0.092,G-03,0.016,0.1080
06/27/08,6,27,2008,SU2008,PKS,Nat,Non-Fringing,Eroded,12,45,0.111,G-03,0.016,0.1272
06/27/08,6,27,2008,SU2008,PKS,Nat,Non-Fringing,Eroded,12,50,0.104,G-03,0.016,0.1200
06/27/08,6,27,2008,SU2008,PKS,Nat,Non-Fringing,Eroded,12,55,0.128,G-03,0.016,0.1443
06/27/08,6,27,2008,SU2008,PKS,Nat,Non-Fringing,Eroded,12,60,0.117,G-03,0.016,0.1330
06/27/08,6,27,2008,SU2008,PKS,Nat,Non-Fringing,Eroded,12,68,0.130,G-03,0.016,0.1465
06/27/08,6,27,2008,SU2008,PKS,Nat,Non-Fringing,Eroded,12,70,0.163,G-03,0.016,0.1786
06/27/08,6,27,2008,SU2008,PKS,Nat,Non-Fringing,Eroded,13,-1,-0.428,G-03,0.016,-0.4118
06/27/08,6,27,2008,SU2008,PKS,Nat,Non-Fringing,Eroded,13,0,-0.229,G-03,0.016,-0.2130
06/27/08,6,27,2008,SU2008,PKS,Nat,Non-Fringing,Eroded,13,5,0.042,G-03,0.016,0.0585
06/27/08,6,27,2008,SU2008,PKS,Nat,Non-Fringing,Eroded,13,10,-0.005,G-03,0.016,0.0106
06/27/08,6,27,2008,SU2008,PKS,Nat,Non-Fringing,Eroded,13,15,0.037,G-03,0.016,0.0530
06/27/08,6,27,2008,SU2008,PKS,Nat,Non-Fringing,Eroded,13,20,0.058,G-03,0.016,0.0744
06/27/08,6,27,2008,SU2008,PKS,Nat,Non-Fringing,Eroded,13,25,0.051,G-03,0.016,0.0670
06/27/08,6,27,2008,SU2008,PKS,Nat,Non-Fringing,Eroded,13,30,0.054,G-03,0.016,0.0697
06/27/08,6,27,2008,SU2008,PKS,Nat,Non-Fringing,Eroded,13,35,0.073,G-03,0.016,0.0888
06/27/08,6,27,2008,SU2008,PKS,Nat,Non-Fringing,Eroded,13,40,0.082,G-03,0.016,0.0984
06/27/08,6,27,2008,SU2008,PKS,Nat,Non-Fringing,Eroded,13,45,0.088,G-03,0.016,0.1037
06/27/08,6,27,2008,SU2008,PKS,Sill,Fringing,Behind,1,-1,0.051,G-03,0,0.0509
06/27/08,6,27,2008,SU2008,PKS,Sill,Fringing,Behind,1,0,0.054,G-03,0,0.0536
06/27/08,6,27,2008,SU2008,PKS,Sill,Fringing,Behind,1,5,0.118,G-03,0,0.1185
06/27/08,6,27,2008,SU2008,PKS,Sill,Fringing,Behind,2,-1,-0.124,G-03,0,-0.1236
06/27/08,6,27,2008,SU2008,PKS,Sill,Fringing,Behind,2,0,-0.090,G-03,0,-0.0900
06/27/08,6,27,2008,SU2008,PKS,Sill,Fringing,Behind,2,3,0.039,G-03,0,0.0394
06/27/08,6,27,2008,SU2008,PKS,Sill,Fringing,Behind,2,5,0.136,G-03,0,0.1359
06/27/08,6,27,2008,SU2008,PKS,Sill,Fringing,Behind,2,6,0.157,G-03,0,0.1573
06/27/08,6,27,2008,SU2008,PKS,Sill,Fringing,Behind,2,10,0.223,G-03,0,0.2225
06/27/08,6,27,2008,SU2008,PKS,Sill,Fringing,Behind,2,15,0.283,G-03,0,0.2831
06/27/08,6,27,2008,SU2008,PKS,Sill,Fringing,Behind,3,-1,-0.182,G-03,0,-0.1822
06/27/08,6,27,2008,SU2008,PKS,Sill,Fringing,Behind,3,0,-0.124,G-03,0,-0.1235
06/27/08,6,27,2008,SU2008,PKS,Sill,Fringing,Behind,3,5,0.017,G-03,0,0.0165
06/27/08,6,27,2008,SU2008,PKS,Sill,Fringing,Behind,3,10,0.158,G-03,0,0.1580
06/27/08,6,27,2008,SU2008,PKS,Sill,Fringing,Behind,3,15,0.282,G-03,0,0.2817
06/27/08,6,27,2008,SU2008,PKS,Sill,Fringing,Behind,4,-1,-0.115,G-03,0,-0.1150
06/27/08,6,27,2008,SU2008,PKS,Sill,Fringing,Behind,4,0,-0.089,G-03,0,-0.0893
06/27/08,6,27,2008,SU2008,PKS,Sill,Fringing,Behind,4,5,0.112,G-03,0,0.1120
06/27/08,6,27,2008,SU2008,PKS,Sill,Fringing,Behind,4,10,0.234,G-03,0,0.2339
06/27/08,6,27,2008,SU2008,PKS,Sill,Fringing,Behind,4,15,0.350,G-03,0,0.3504
06/27/08,6,27,2008,SU2008,PKS,Sill,Fringing,Behind,5,-1,-0.041,G-03,0,-0.0408
06/27/08,6,27,2008,SU2008,PKS,Sill,Fringing,Behind,5,0,-0.010,G-03,0,-0.0103
06/27/08,6,27,2008,SU2008,PKS,Sill,Fringing,Behind,5,5,-0.071,G-03,0,-0.0713
06/27/08,6,27,2008,SU2008,PKS,Sill,Fringing,Behind,5,10,-0.052,G-03,0,-0.0518
06/27/08,6,27,2008,SU2008,PKS,Sill,Fringing,Behind,5,15,0.022,G-03,0,0.0221
06/27/08,6,27,2008,SU2008,PKS,Sill,Fringing,Behind,5,19,0.176,G-03,0,0.1757
06/27/08,6,27,2008,SU2008,PKS,Sill,Fringing,Behind,5,20,0.253,G-03,0,0.2532
04/28/10,4,28,2010,SP2010,HI,Nat,Fringing,Oyster,11,-1,-0.196,G-03,0.018,-0.1782
04/28/10,4,28,2010,SP2010,HI,Nat,Fringing,Oyster,11,0,-0.161,G-03,0.018,-0.1428
04/28/10,4,28,2010,SP2010,HI,Nat,Fringing,Oyster,11,5,0.077,G-03,0.018,0.0952
04/28/10,4,28,2010,SP2010,HI,Nat,Fringing,Oyster,11,10,0.342,G-03,0.018,0.3602
04/28/10,4,28,2010,SP2010,HI,Nat,Fringing,Oyster,11,15,0.464,G-03,0.018,0.4822
04/28/10,4,28,2010,SP2010,HI,Nat,Fringing,Oyster,12,0,-0.302,G-03,0.018,-0.2838
04/28/10,4,28,2010,SP2010,HI,Nat,Fringing,Oyster,12,5,0.083,G-03,0.018,0.1009
04/28/10,4,28,2010,SP2010,HI,Nat,Fringing,Oyster,12,10,0.450,G-03,0.018,0.4683
04/28/10,4,28,2010,SP2010,HI,Nat,Fringing,Oyster,13,0,-0.328,G-03,0.018,-0.3098
04/28/10,4,28,2010,SP2010,HI,Nat,Fringing,Oyster,13,5,0.089,G-03,0.018,0.1071
04/28/10,4,28,2010,SP2010,HI,Nat,Fringing,Oyster,13,10,0.359,G-03,0.018,0.3774
04/28/10,4,28,2010,SP2010,HI,Nat,Fringing,Oyster,14,5,-0.122,G-03,0.018,-0.1037
04/28/10,4,28,2010,SP2010,HI,Sill,Fringing,Behind,1,-1,-0.131,G-03,0.024,-0.1065
04/28/10,4,28,2010,SP2010,HI,Sill,Fringing,Behind,1,0,-0.096,G-03,0.024,-0.0716
04/28/10,4,28,2010,SP2010,HI,Sill,Fringing,Behind,1,5,-0.077,G-03,0.024,-0.0526
04/28/10,4,28,2010,SP2010,HI,Sill,Fringing,Behind,1,10,0.061,G-03,0.024,0.0849
04/28/10,4,28,2010,SP2010,HI,Sill,Fringing,Behind,1,15,0.414,G-03,0.024,0.4377
04/28/10,4,28,2010,SP2010,HI,Sill,Fringing,Behind,2,-1,-0.042,G-03,0.024,-0.0175
04/28/10,4,28,2010,SP2010,HI,Sill,Fringing,Behind,2,0,-0.059,G-03,0.024,-0.0349
04/28/10,4,28,2010,SP2010,HI,Sill,Fringing,Behind,2,5,-0.072,G-03,0.024,-0.0484
04/28/10,4,28,2010,SP2010,HI,Sill,Fringing,Behind,2,10,0.045,G-03,0.024,0.0686
04/28/10,4,28,2010,SP2010,HI,Sill,Fringing,Behind,2,15,0.354,G-03,0.024,0.3781
04/28/10,4,28,2010,SP2010,HI,Sill,Fringing,Behind,3,-1,0.039,G-03,0.024,0.0634
04/28/10,4,28,2010,SP2010,HI,Sill,Fringing,Behind,3,0,-0.050,G-03,0.024,-0.0263
04/28/10,4,28,2010,SP2010,HI,Sill,Fringing,Behind,3,5,-0.073,G-03,0.024,-0.0494
04/28/10,4,28,2010,SP2010,HI,Sill,Fringing,Behind,3,10,0.042,G-03,0.024,0.0663
04/28/10,4,28,2010,SP2010,HI,Sill,Fringing,Behind,3,15,0.256,G-03,0.024,0.2800
04/28/10,4,28,2010,SP2010,HI,Sill,Fringing,Behind,4,-1,-0.151,G-03,0.024,-0.1268
04/28/10,4,28,2010,SP2010,HI,Sill,Fringing,Behind,4,0,-0.163,G-03,0.024,-0.1392
04/28/10,4,28,2010,SP2010,HI,Sill,Fringing,Behind,4,5,-0.064,G-03,0.024,-0.0396
04/28/10,4,28,2010,SP2010,HI,Sill,Fringing,Behind,4,10,0.100,G-03,0.024,0.1238
04/28/10,4,28,2010,SP2010,HI,Sill,Fringing,Behind,4,15,0.259,G-03,0.024,0.2826
04/28/10,4,28,2010,SP2010,HI,Sill,Fringing,Behind,5,-1,-0.030,G-03,0.024,-0.0060
04/28/10,4,28,2010,SP2010,HI,Sill,Fringing,Behind,5,0,-0.130,G-03,0.024,-0.1056
04/28/10,4,28,2010,SP2010,HI,Sill,Fringing,Behind,5,5,-0.084,G-03,0.024,-0.0596
04/28/10,4,28,2010,SP2010,HI,Sill,Fringing,Behind,5,10,0.086,G-03,0.024,0.1105
04/28/10,4,28,2010,SP2010,HI,Sill,Fringing,Behind,5,15,0.235,G-03,0.024,0.2594
04/26/10,4,26,2010,SP2010,NCMM,Nat,Fringing,Oyster,6,-1,-0.430,G-03,0.021,-0.4094
04/26/10,4,26,2010,SP2010,NCMM,Nat,Fringing,Oyster,6,0,-0.325,G-03,0.021,-0.3038
04/26/10,4,26,2010,SP2010,NCMM,Nat,Fringing,Oyster,6,5,-0.136,G-03,0.021,-0.1147
04/26/10,4,26,2010,SP2010,NCMM,Nat,Fringing,Oyster,6,10,-0.110,G-03,0.021,-0.0894
04/26/10,4,26,2010,SP2010,NCMM,Nat,Fringing,Oyster,6,15,0.044,G-03,0.021,0.0652
04/26/10,4,26,2010,SP2010,NCMM,Nat,Fringing,Oyster,6,20,0.148,G-03,0.021,0.1690
04/26/10,4,26,2010,SP2010,NCMM,Nat,Fringing,Oyster,7,-1,-0.541,G-03,0.021,-0.5200
04/26/10,4,26,2010,SP2010,NCMM,Nat,Fringing,Oyster,7,0,-0.456,G-03,0.021,-0.4349
04/26/10,4,26,2010,SP2010,NCMM,Nat,Fringing,Oyster,7,5,0.059,G-03,0.021,0.0799
04/26/10,4,26,2010,SP2010,NCMM,Nat,Fringing,Oyster,7,10,-0.143,G-03,0.021,-0.1219
04/26/10,4,26,2010,SP2010,NCMM,Nat,Fringing,Oyster,7,15,-0.088,G-03,0.021,-0.0672
04/26/10,4,26,2010,SP2010,NCMM,Nat,Fringing,Oyster,7,20,0.079,G-03,0.021,0.1002
04/26/10,4,26,2010,SP2010,NCMM,Nat,Fringing,Oyster,7,25,0.286,G-03,0.021,0.3069
04/26/10,4,26,2010,SP2010,NCMM,Nat,Fringing,Oyster,8,-1,-0.565,G-03,0.021,-0.5438
04/26/10,4,26,2010,SP2010,NCMM,Nat,Fringing,Oyster,8,0,-0.477,G-03,0.021,-0.4564
04/26/10,4,26,2010,SP2010,NCMM,Nat,Fringing,Oyster,8,5,0.153,G-03,0.021,0.1735
04/26/10,4,26,2010,SP2010,NCMM,Nat,Fringing,Oyster,8,10,0.170,G-03,0.021,0.1915
04/26/10,4,26,2010,SP2010,NCMM,Nat,Fringing,Oyster,8,15,0.008,G-03,0.021,0.0286
04/26/10,4,26,2010,SP2010,NCMM,Nat,Fringing,Oyster,8,20,0.156,G-03,0.021,0.1766
04/26/10,4,26,2010,SP2010,NCMM,Nat,Fringing,Oyster,9,-1,-0.497,G-03,0.021,-0.4764
04/26/10,4,26,2010,SP2010,NCMM,Nat,Fringing,Oyster,9,0,-0.416,G-03,0.021,-0.3950
04/26/10,4,26,2010,SP2010,NCMM,Nat,Fringing,Oyster,9,5,0.171,G-03,0.021,0.1915
04/26/10,4,26,2010,SP2010,NCMM,Nat,Fringing,Oyster,9,10,0.153,G-03,0.021,0.1738
04/26/10,4,26,2010,SP2010,NCMM,Nat,Fringing,Oyster,9,15,0.112,G-03,0.021,0.1332
04/26/10,4,26,2010,SP2010,NCMM,Nat,Fringing,Oyster,9,20,0.269,G-03,0.021,0.2902
04/26/10,4,26,2010,SP2010,NCMM,Sill,Fringing,Behind,0,-1,0.200,G-03,0.009,0.2088
04/26/10,4,26,2010,SP2010,NCMM,Sill,Fringing,Adjacent,1,-1,-0.316,G-03,0.009,-0.3069
04/26/10,4,26,2010,SP2010,NCMM,Sill,Fringing,Adjacent,1,0,-0.261,G-03,0.009,-0.2520
04/26/10,4,26,2010,SP2010,NCMM,Sill,Fringing,Adjacent,1,5,-0.065,G-03,0.009,-0.0560
04/26/10,4,26,2010,SP2010,NCMM,Sill,Fringing,Adjacent,2,-1,-0.496,G-03,0.009,-0.4867
04/26/10,4,26,2010,SP2010,NCMM,Sill,Fringing,Adjacent,2,0,-0.381,G-03,0.009,-0.3721
04/26/10,4,26,2010,SP2010,NCMM,Sill,Fringing,Adjacent,2,5,0.238,G-03,0.009,0.2466
04/26/10,4,26,2010,SP2010,NCMM,Sill,Fringing,Adjacent,2,10,0.134,G-03,0.009,0.1432
04/26/10,4,26,2010,SP2010,NCMM,Sill,Fringing,Adjacent,3,-1,-0.431,G-03,0.009,-0.4223
04/26/10,4,26,2010,SP2010,NCMM,Sill,Fringing,Adjacent,3,0,-0.332,G-03,0.009,-0.3233
04/26/10,4,26,2010,SP2010,NCMM,Sill,Fringing,Adjacent,3,5,0.186,G-03,0.009,0.1953
04/26/10,4,26,2010,SP2010,NCMM,Sill,Fringing,Adjacent,3,10,0.558,G-03,0.009,0.5671
04/26/10,4,26,2010,SP2010,NCMM,Sill,Fringing,Behind,4,-1,-0.151,G-03,0.009,-0.1423
04/26/10,4,26,2010,SP2010,NCMM,Sill,Fringing,Behind,4,0,-0.092,G-03,0.009,-0.0834
04/26/10,4,26,2010,SP2010,NCMM,Sill,Fringing,Behind,4,5,0.175,G-03,0.009,0.1844
04/26/10,4,26,2010,SP2010,NCMM,Sill,Fringing,Behind,4,10,0.258,G-03,0.009,0.2671
04/26/10,4,26,2010,SP2010,NCMM,Sill,Fringing,Behind,4,15,0.514,G-03,0.009,0.5234
04/26/10,4,26,2010,SP2010,NCMM,Sill,Fringing,Behind,5,-1,-0.290,G-03,0.009,-0.2815
04/26/10,4,26,2010,SP2010,NCMM,Sill,Fringing,Behind,5,0,-0.242,G-03,0.009,-0.2328
04/26/10,4,26,2010,SP2010,NCMM,Sill,Fringing,Behind,5,5,0.066,G-03,0.009,0.0752
04/26/10,4,26,2010,SP2010,NCMM,Sill,Fringing,Behind,5,10,0.318,G-03,0.009,0.3266
4/23/2010,4,23,2010,SP2010,PI,Nat,Fringing,Oyster,1,-1,-0.333,G-03,0,-0.3326
4/23/2010,4,23,2010,SP2010,PI,Nat,Fringing,Oyster,1,0,-0.348,G-03,0,-0.3483
4/23/2010,4,23,2010,SP2010,PI,Nat,Fringing,Oyster,1,5,-0.154,G-03,0,-0.1538
4/23/2010,4,23,2010,SP2010,PI,Nat,Fringing,Oyster,1,10,0.023,G-03,0,0.0234
4/23/2010,4,23,2010,SP2010,PI,Nat,Fringing,Oyster,1,15,0.179,G-03,0,0.1791
4/23/2010,4,23,2010,SP2010,PI,Nat,Fringing,Oyster,1,20,0.603,G-03,0,0.6028
4/23/2010,4,23,2010,SP2010,PI,Nat,Fringing,Oyster,2,-1,-0.332,G-03,0,-0.3317
4/23/2010,4,23,2010,SP2010,PI,Nat,Fringing,Oyster,2,0,-0.337,G-03,0,-0.3365
4/23/2010,4,23,2010,SP2010,PI,Nat,Fringing,Oyster,2,5,-0.137,G-03,0,-0.1373
4/23/2010,4,23,2010,SP2010,PI,Nat,Fringing,Oyster,2,10,0.053,G-03,0,0.0534
4/23/2010,4,23,2010,SP2010,PI,Nat,Fringing,Oyster,2,15,0.303,G-03,0,0.3028
4/23/2010,4,23,2010,SP2010,PI,Nat,Fringing,Oyster,3,-1,-0.352,G-03,0,-0.3518
4/23/2010,4,23,2010,SP2010,PI,Nat,Fringing,Oyster,3,0,-0.329,G-03,0,-0.3289
4/23/2010,4,23,2010,SP2010,PI,Nat,Fringing,Oyster,3,5,-0.130,G-03,0,-0.1298
4/23/2010,4,23,2010,SP2010,PI,Nat,Fringing,Oyster,3,10,0.061,G-03,0,0.0609
4/23/2010,4,23,2010,SP2010,PI,Nat,Fringing,Oyster,3,15,0.609,G-03,0,0.6091
4/23/2010,4,23,2010,SP2010,PI,Nat,Fringing,Oyster,4,-1,-0.418,G-03,0,-0.4176
4/23/2010,4,23,2010,SP2010,PI,Nat,Fringing,Oyster,4,0,-0.385,G-03,0,-0.3848
4/23/2010,4,23,2010,SP2010,PI,Nat,Fringing,Oyster,4,5,-0.056,G-03,0,-0.0563
4/23/2010,4,23,2010,SP2010,PI,Nat,Fringing,Oyster,4,10,0.162,G-03,0,0.1625
4/23/2010,4,23,2010,SP2010,PI,Nat,Fringing,Oyster,4,15,0.851,G-03,0,0.8508
4/23/2010,4,23,2010,SP2010,PI,Nat,Fringing,Oyster,5,-1,-0.245,G-03,0,-0.2453
4/23/2010,4,23,2010,SP2010,PI,Nat,Fringing,Oyster,5,0,-0.194,G-03,0,-0.1938
4/23/2010,4,23,2010,SP2010,PI,Nat,Fringing,Oyster,5,5,0.076,G-03,0,0.0756
4/23/2010,4,23,2010,SP2010,PI,Nat,Fringing,Oyster,5,10,0.570,G-03,0,0.5704
04/22/10,4,22,2010,SP2010,PI,Sill,Fringing,Behind,1,0,0.184,G-03,-0.004,0.1802
04/22/10,4,22,2010,SP2010,PI,Sill,Fringing,Behind,1,5,0.551,G-03,-0.004,0.5470
04/22/10,4,22,2010,SP2010,PI,Sill,Fringing,Behind,2,-1,-0.229,G-03,-0.004,-0.2328
04/22/10,4,22,2010,SP2010,PI,Sill,Fringing,Behind,2,0,-0.158,G-03,-0.004,-0.1621
04/22/10,4,22,2010,SP2010,PI,Sill,Fringing,Behind,2,5,0.324,G-03,-0.004,0.3204
04/22/10,4,22,2010,SP2010,PI,Sill,Fringing,Behind,2,10,0.933,G-03,-0.004,0.9293
04/22/10,4,22,2010,SP2010,PI,Sill,Fringing,Behind,3,-1,-0.384,G-03,-0.004,-0.3877
04/22/10,4,22,2010,SP2010,PI,Sill,Fringing,Behind,3,0,-0.315,G-03,-0.004,-0.3192
04/22/10,4,22,2010,SP2010,PI,Sill,Fringing,Behind,3,5,0.000,G-03,-0.004,-0.0043
04/22/10,4,22,2010,SP2010,PI,Sill,Fringing,Behind,3,10,0.572,G-03,-0.004,0.5680
04/22/10,4,22,2010,SP2010,PI,Sill,Fringing,Behind,3,15,0.881,G-03,-0.004,0.8772
04/22/10,4,22,2010,SP2010,PI,Sill,Fringing,Behind,4,-1,-0.375,G-03,-0.004,-0.3789
04/22/10,4,22,2010,SP2010,PI,Sill,Fringing,Behind,4,0,-0.315,G-03,-0.004,-0.3191
04/22/10,4,22,2010,SP2010,PI,Sill,Fringing,Behind,4,5,-0.099,G-03,-0.004,-0.1027
04/22/10,4,22,2010,SP2010,PI,Sill,Fringing,Behind,4,10,0.165,G-03,-0.004,0.1612
04/22/10,4,22,2010,SP2010,PI,Sill,Fringing,Behind,4,15,0.764,G-03,-0.004,0.7595
04/22/10,4,22,2010,SP2010,PI,Sill,Fringing,Behind,4,20,0.971,G-03,-0.004,0.9674
04/22/10,4,22,2010,SP2010,PI,Sill,Fringing,Behind,5,-1,-0.371,G-03,-0.004,-0.3747
04/22/10,4,22,2010,SP2010,PI,Sill,Fringing,Behind,5,0,-0.323,G-03,-0.004,-0.3274
04/22/10,4,22,2010,SP2010,PI,Sill,Fringing,Behind,5,5,-0.074,G-03,-0.004,-0.0784
04/22/10,4,22,2010,SP2010,PI,Sill,Fringing,Behind,5,10,0.180,G-03,-0.004,0.1761
04/22/10,4,22,2010,SP2010,PI,Sill,Fringing,Behind,5,15,0.747,G-03,-0.004,0.7426
04/22/10,4,22,2010,SP2010,PI,Sill,Fringing,Behind,5,20,0.965,G-03,-0.004,0.9608
04/22/10,4,22,2010,SP2010,PI,Sill,Fringing,Behind,6,-1,-0.368,G-03,-0.004,-0.3721
04/22/10,4,22,2010,SP2010,PI,Sill,Fringing,Behind,6,0,-0.332,G-03,-0.004,-0.3360
04/22/10,4,22,2010,SP2010,PI,Sill,Fringing,Behind,6,5,-0.151,G-03,-0.004,-0.1551
04/22/10,4,22,2010,SP2010,PI,Sill,Fringing,Behind,6,10,0.171,G-03,-0.004,0.1671
04/22/10,4,22,2010,SP2010,PI,Sill,Fringing,Behind,6,15,0.740,G-03,-0.004,0.7362
04/22/10,4,22,2010,SP2010,PI,Sill,Fringing,Behind,6,20,1.033,G-03,-0.004,1.0293
04/22/10,4,22,2010,SP2010,PI,Sill,Fringing,Behind,7,-1,-0.244,G-03,-0.004,-0.2483
04/22/10,4,22,2010,SP2010,PI,Sill,Fringing,Behind,7,0,-0.216,G-03,-0.004,-0.2203
04/22/10,4,22,2010,SP2010,PI,Sill,Fringing,Behind,7,5,-0.061,G-03,-0.004,-0.0649
04/22/10,4,22,2010,SP2010,PI,Sill,Fringing,Behind,7,10,0.360,G-03,-0.004,0.3564
05/05/10,5,5,2010,SP2010,PKS,Nat,Fringing,None,6,10,0.170,G-03,0.026,0.1959
05/05/10,5,5,2010,SP2010,PKS,Nat,Fringing,None,6,15,0.228,G-03,0.026,0.2544
05/05/10,5,5,2010,SP2010,PKS,Nat,Fringing,None,7,5,-0.076,G-03,0.026,-0.0496
05/05/10,5,5,2010,SP2010,PKS,Nat,Fringing,None,7,10,-0.040,G-03,0.026,-0.0143
05/05/10,5,5,2010,SP2010,PKS,Nat,Fringing,None,7,15,0.175,G-03,0.026,0.2009
05/05/10,5,5,2010,SP2010,PKS,Nat,Fringing,None,7,19,0.338,G-03,0.026,0.3640
05/05/10,5,5,2010,SP2010,PKS,Nat,Fringing,None,8,0,-0.260,G-03,0.026,-0.2337
05/05/10,5,5,2010,SP2010,PKS,Nat,Fringing,None,8,5,0.220,G-03,0.026,0.2462
05/05/10,5,5,2010,SP2010,PKS,Nat,Fringing,None,8,10,0.153,G-03,0.026,0.1791
05/05/10,5,5,2010,SP2010,PKS,Nat,Fringing,None,8,15,0.225,G-03,0.026,0.2515
05/05/10,5,5,2010,SP2010,PKS,Nat,Fringing,None,8,18,0.255,G-03,0.026,0.2806
05/05/10,5,5,2010,SP2010,PKS,Nat,Fringing,None,9,5,0.024,G-03,0.026,0.0500
05/05/10,5,5,2010,SP2010,PKS,Nat,Fringing,None,9,10,0.110,G-03,0.026,0.1361
05/05/10,5,5,2010,SP2010,PKS,Nat,Fringing,None,9,15,0.218,G-03,0.026,0.2440
05/05/10,5,5,2010,SP2010,PKS,Nat,Fringing,None,9,18,0.267,G-03,0.026,0.2929
05/05/10,5,5,2010,SP2010,PKS,Nat,Fringing,None,10,-1,-0.408,G-03,0.026,-0.3821
05/05/10,5,5,2010,SP2010,PKS,Nat,Fringing,None,10,0,-0.200,G-03,0.026,-0.1738
05/05/10,5,5,2010,SP2010,PKS,Nat,Fringing,None,10,5,0.178,G-03,0.026,0.2038
05/05/10,5,5,2010,SP2010,PKS,Nat,Fringing,None,10,10,0.203,G-03,0.026,0.2293
05/05/10,5,5,2010,SP2010,PKS,Nat,Non-Fringing,Eroded,11,0,-0.315,G-03,0.016,-0.2991
05/05/10,5,5,2010,SP2010,PKS,Nat,Non-Fringing,Eroded,11,5,-0.037,G-03,0.016,-0.0206
05/05/10,5,5,2010,SP2010,PKS,Nat,Non-Fringing,Eroded,11,10,0.006,G-03,0.016,0.0218
05/05/10,5,5,2010,SP2010,PKS,Nat,Non-Fringing,Eroded,11,15,0.067,G-03,0.016,0.0833
05/05/10,5,5,2010,SP2010,PKS,Nat,Non-Fringing,Eroded,11,20,0.106,G-03,0.016,0.1216
05/05/10,5,5,2010,SP2010,PKS,Nat,Non-Fringing,Eroded,12,-1,-0.187,G-03,0.016,-0.1711
05/05/10,5,5,2010,SP2010,PKS,Nat,Non-Fringing,Eroded,12,0,-0.310,G-03,0.016,-0.2939
05/05/10,5,5,2010,SP2010,PKS,Nat,Non-Fringing,Eroded,12,5,-0.009,G-03,0.016,0.0069
05/05/10,5,5,2010,SP2010,PKS,Nat,Non-Fringing,Eroded,12,10,-0.028,G-03,0.016,-0.0122
05/05/10,5,5,2010,SP2010,PKS,Nat,Non-Fringing,Eroded,12,15,-0.008,G-03,0.016,0.0079
05/05/10,5,5,2010,SP2010,PKS,Nat,Non-Fringing,Eroded,12,20,0.022,G-03,0.016,0.0379
05/05/10,5,5,2010,SP2010,PKS,Nat,Non-Fringing,Eroded,12,25,0.105,G-03,0.016,0.1210
05/05/10,5,5,2010,SP2010,PKS,Nat,Non-Fringing,Eroded,12,30,0.091,G-03,0.016,0.1068
05/05/10,5,5,2010,SP2010,PKS,Nat,Non-Fringing,Eroded,12,35,0.082,G-03,0.016,0.0976
05/05/10,5,5,2010,SP2010,PKS,Nat,Non-Fringing,Eroded,12,40,0.083,G-03,0.016,0.0986
05/05/10,5,5,2010,SP2010,PKS,Nat,Non-Fringing,Eroded,12,45,0.086,G-03,0.016,0.1016
05/05/10,5,5,2010,SP2010,PKS,Nat,Non-Fringing,Eroded,12,50,0.092,G-03,0.016,0.1078
05/05/10,5,5,2010,SP2010,PKS,Nat,Non-Fringing,Eroded,12,55,0.099,G-03,0.016,0.1155
05/05/10,5,5,2010,SP2010,PKS,Nat,Non-Fringing,Eroded,12,60,0.113,G-03,0.016,0.1286
05/05/10,5,5,2010,SP2010,PKS,Nat,Non-Fringing,Eroded,12,68,0.142,G-03,0.016,0.1575
05/05/10,5,5,2010,SP2010,PKS,Nat,Non-Fringing,Eroded,12,70,0.126,G-03,0.016,0.1419
05/05/10,5,5,2010,SP2010,PKS,Nat,Non-Fringing,Eroded,13,5,0.010,G-03,0.016,0.0263
05/05/10,5,5,2010,SP2010,PKS,Nat,Non-Fringing,Eroded,13,10,-0.027,G-03,0.016,-0.0107
05/05/10,5,5,2010,SP2010,PKS,Nat,Non-Fringing,Eroded,13,15,0.012,G-03,0.016,0.0283
05/05/10,5,5,2010,SP2010,PKS,Nat,Non-Fringing,Eroded,13,20,0.026,G-03,0.016,0.0415
05/05/10,5,5,2010,SP2010,PKS,Nat,Non-Fringing,Eroded,13,25,0.030,G-03,0.016,0.0459
05/05/10,5,5,2010,SP2010,PKS,Nat,Non-Fringing,Eroded,13,30,0.064,G-03,0.016,0.0796
05/05/10,5,5,2010,SP2010,PKS,Nat,Non-Fringing,Eroded,13,35,0.074,G-03,0.016,0.0898
05/05/10,5,5,2010,SP2010,PKS,Nat,Non-Fringing,Eroded,13,40,0.059,G-03,0.016,0.0755
05/05/10,5,5,2010,SP2010,PKS,Nat,Non-Fringing,Eroded,13,45,0.053,G-03,0.016,0.0694
05/05/10,5,5,2010,SP2010,PKS,Nat,Non-Fringing,Eroded,13,50,0.076,G-03,0.016,0.0919
05/05/10,5,5,2010,SP2010,PKS,Nat,Non-Fringing,Eroded,13,55,0.083,G-03,0.016,0.0994
05/05/10,5,5,2010,SP2010,PKS,Nat,Non-Fringing,Eroded,13,60,0.086,G-03,0.016,0.1018
05/05/10,5,5,2010,SP2010,PKS,Sill,Fringing,Behind,1,-1,0.049,G-03,0,0.0491
05/05/10,5,5,2010,SP2010,PKS,Sill,Fringing,Behind,1,0,0.063,G-03,0,0.0628
05/05/10,5,5,2010,SP2010,PKS,Sill,Fringing,Behind,1,5,0.149,G-03,0,0.1494
05/05/10,5,5,2010,SP2010,PKS,Sill,Fringing,Behind,2,-1,-0.105,G-03,0,-0.1049
05/05/10,5,5,2010,SP2010,PKS,Sill,Fringing,Behind,2,0,-0.086,G-03,0,-0.0856
05/05/10,5,5,2010,SP2010,PKS,Sill,Fringing,Behind,2,3,0.095,G-03,0,0.0949
05/05/10,5,5,2010,SP2010,PKS,Sill,Fringing,Behind,2,5,0.161,G-03,0,0.1612
05/05/10,5,5,2010,SP2010,PKS,Sill,Fringing,Behind,2,6,0.178,G-03,0,0.1780
05/05/10,5,5,2010,SP2010,PKS,Sill,Fringing,Behind,2,10,0.246,G-03,0,0.2462
05/05/10,5,5,2010,SP2010,PKS,Sill,Fringing,Behind,2,15,0.317,G-03,0,0.3167
05/05/10,5,5,2010,SP2010,PKS,Sill,Fringing,Behind,3,-1,-0.182,G-03,0,-0.1817
05/05/10,5,5,2010,SP2010,PKS,Sill,Fringing,Behind,3,0,-0.130,G-03,0,-0.1298
05/05/10,5,5,2010,SP2010,PKS,Sill,Fringing,Behind,3,5,0.049,G-03,0,0.0492
05/05/10,5,5,2010,SP2010,PKS,Sill,Fringing,Behind,3,10,0.178,G-03,0,0.1777
05/05/10,5,5,2010,SP2010,PKS,Sill,Fringing,Behind,3,15,0.283,G-03,0,0.2834
05/05/10,5,5,2010,SP2010,PKS,Sill,Fringing,Behind,4,-1,-0.114,G-03,0,-0.1138
05/05/10,5,5,2010,SP2010,PKS,Sill,Fringing,Behind,4,0,-0.059,G-03,0,-0.0589
05/05/10,5,5,2010,SP2010,PKS,Sill,Fringing,Behind,4,5,0.148,G-03,0,0.1476
05/05/10,5,5,2010,SP2010,PKS,Sill,Fringing,Behind,4,10,0.250,G-03,0,0.2503
05/05/10,5,5,2010,SP2010,PKS,Sill,Fringing,Behind,4,15,0.401,G-03,0,0.4009
05/05/10,5,5,2010,SP2010,PKS,Sill,Fringing,Behind,5,-1,-0.025,G-03,0,-0.0246
05/05/10,5,5,2010,SP2010,PKS,Sill,Fringing,Behind,5,0,0.030,G-03,0,0.0297
05/05/10,5,5,2010,SP2010,PKS,Sill,Fringing,Behind,5,5,-0.046,G-03,0,-0.0456
05/05/10,5,5,2010,SP2010,PKS,Sill,Fringing,Behind,5,10,-0.028,G-03,0,-0.0284
05/05/10,5,5,2010,SP2010,PKS,Sill,Fringing,Behind,5,15,0.061,G-03,0,0.0608
05/05/10,5,5,2010,SP2010,PKS,Sill,Fringing,Behind,5,19,0.204,G-03,0,0.2039
05/05/10,5,5,2010,SP2010,PKS,Sill,Fringing,Behind,5,20,0.290,G-03,0,0.2904
7/19/2018,7,19,2018,SU2018,PKS,Nat,Fringing,None,7,-1,-0.333,G-12B,0,-0.3328
7/19/2018,7,19,2018,SU2018,PKS,Nat,Fringing,None,7,0,-0.312,G-12B,0,-0.3121
7/19/2018,7,19,2018,SU2018,PKS,Nat,Fringing,None,7,5,0.049,G-12B,0,0.0487
7/19/2018,7,19,2018,SU2018,PKS,Nat,Fringing,None,7,10,-0.041,G-12B,0,-0.0411
7/19/2018,7,19,2018,SU2018,PKS,Nat,Fringing,None,7,15,0.299,G-12B,0,0.2990
7/19/2018,7,19,2018,SU2018,PKS,Nat,Fringing,None,7,20,0.457,G-12B,0,0.4568
7/19/2018,7,19,2018,SU2018,PKS,Nat,Fringing,None,8,-1,-0.454,G-12B,0,-0.4542
7/19/2018,7,19,2018,SU2018,PKS,Nat,Fringing,None,8,0,-0.438,G-12B,0,-0.4380
7/19/2018,7,19,2018,SU2018,PKS,Nat,Fringing,None,8,5,0.241,G-12B,0,0.2411
7/19/2018,7,19,2018,SU2018,PKS,Nat,Fringing,None,8,10,0.337,G-12B,0,0.3370
7/19/2018,7,19,2018,SU2018,PKS,Nat,Fringing,None,8,15,0.232,G-12B,0,0.2322
7/19/2018,7,19,2018,SU2018,PKS,Nat,Fringing,None,8,20,0.368,G-12B,0,0.3677
7/19/2018,7,19,2018,SU2018,PKS,Nat,Fringing,None,9,-1,-0.345,G-12B,0,-0.3449
7/19/2018,7,19,2018,SU2018,PKS,Nat,Fringing,None,9,0,-0.356,G-12B,0,-0.3563
7/19/2018,7,19,2018,SU2018,PKS,Nat,Fringing,None,9,5,-0.032,G-12B,0,-0.0315
7/19/2018,7,19,2018,SU2018,PKS,Nat,Fringing,None,9,10,0.150,G-12B,0,0.1496
7/19/2018,7,19,2018,SU2018,PKS,Nat,Fringing,None,9,15,0.223,G-12B,0,0.2229
7/19/2018,7,19,2018,SU2018,PKS,Nat,Fringing,None,9,20,0.350,G-12B,0,0.3502
7/19/2018,7,19,2018,SU2018,PKS,Nat,Fringing,None,10,-1,-0.409,G-12B,0,-0.4089
7/19/2018,7,19,2018,SU2018,PKS,Nat,Fringing,None,10,0,-0.334,G-12B,0,-0.3344
7/19/2018,7,19,2018,SU2018,PKS,Nat,Fringing,None,10,5,-0.157,G-12B,0,-0.1572
7/19/2018,7,19,2018,SU2018,PKS,Nat,Fringing,None,10,10,0.209,G-12B,0,0.2090
7/19/2018,7,19,2018,SU2018,PKS,Nat,Fringing,None,10,15,0.421,G-12B,0,0.4210
7/19/2018,7,19,2018,SU2018,PKS,Nat,Non-Fringing,Eroded,11,20,0.091,G-12B,0,0.0908
7/19/2018,7,19,2018,SU2018,PKS,Nat,Non-Fringing,Eroded,11,30,0.143,G-12B,0,0.1427
7/19/2018,7,19,2018,SU2018,PKS,Nat,Non-Fringing,Eroded,11,40,0.160,G-12B,0,0.1596
7/19/2018,7,19,2018,SU2018,PKS,Nat,Non-Fringing,Eroded,12,20,0.089,G-12B,0,0.0889
7/19/2018,7,19,2018,SU2018,PKS,Nat,Non-Fringing,Eroded,12,30,0.150,G-12B,0,0.1504
7/19/2018,7,19,2018,SU2018,PKS,Nat,Non-Fringing,Eroded,12,40,0.155,G-12B,0,0.1548
7/19/2018,7,19,2018,SU2018,PKS,Nat,Non-Fringing,Eroded,12,50,0.140,G-12B,0,0.1395
7/19/2018,7,19,2018,SU2018,PKS,Nat,Non-Fringing,Eroded,12,60,0.163,G-12B,0,0.1629
7/19/2018,7,19,2018,SU2018,PKS,Nat,Non-Fringing,Eroded,12,70,0.156,G-12B,0,0.1555
7/19/2018,7,19,2018,SU2018,PKS,Nat,Non-Fringing,Eroded,12,80,0.165,G-12B,0,0.1650
7/19/2018,7,19,2018,SU2018,PKS,Nat,Non-Fringing,Eroded,13,20,0.076,G-12B,0,0.0762
7/19/2018,7,19,2018,SU2018,PKS,Nat,Non-Fringing,Eroded,13,30,0.064,G-12B,0,0.0638
7/19/2018,7,19,2018,SU2018,PKS,Nat,Non-Fringing,Eroded,13,40,0.150,G-12B,0,0.1501
7/19/2018,7,19,2018,SU2018,PKS,Nat,Non-Fringing,Eroded,13,50,0.134,G-12B,0,0.1339
7/19/2018,7,19,2018,SU2018,PKS,Nat,Non-Fringing,Eroded,13,60,0.130,G-12B,0,0.1298
7/19/2018,7,19,2018,SU2018,PKS,Nat,Non-Fringing,Eroded,13,70,0.226,G-12B,0,0.2259
7/9/2018,7,9,2018,SU2018,PKS,Nat,Fringing,None,6,-1,-0.195,G-12B,0,-0.1950
7/9/2018,7,9,2018,SU2018,PKS,Nat,Fringing,None,6,0,-0.092,G-12B,0,-0.0920
7/9/2018,7,9,2018,SU2018,PKS,Nat,Fringing,None,6,5,0.022,G-12B,0,0.0220
7/9/2018,7,9,2018,SU2018,PKS,Nat,Fringing,None,6,10,0.193,G-12B,0,0.1930
7/9/2018,7,9,2018,SU2018,PKS,Nat,Fringing,None,6,15,0.300,G-12B,0,0.3000
7/9/2018,7,9,2018,SU2018,PKS,Nat,Non-Fringing,Eroded,11,-1,-0.261,G-12B,0,-0.2610
7/9/2018,7,9,2018,SU2018,PKS,Nat,Non-Fringing,Eroded,11,0,-0.257,G-12B,0,-0.2570
7/9/2018,7,9,2018,SU2018,PKS,Nat,Non-Fringing,Eroded,11,5,-0.183,G-12B,0,-0.1830
7/9/2018,7,9,2018,SU2018,PKS,Nat,Non-Fringing,Eroded,11,10,0.063,G-12B,0,0.0630
7/9/2018,7,9,2018,SU2018,PKS,Nat,Non-Fringing,Eroded,11,15,0.094,G-12B,0,0.0940
7/9/2018,7,9,2018,SU2018,PKS,Nat,Non-Fringing,Eroded,12,-1,-0.296,G-12B,0,-0.2960
7/9/2018,7,9,2018,SU2018,PKS,Nat,Non-Fringing,Eroded,12,0,-0.296,G-12B,0,-0.2960
7/9/2018,7,9,2018,SU2018,PKS,Nat,Non-Fringing,Eroded,12,5,-0.066,G-12B,0,-0.0660
7/9/2018,7,9,2018,SU2018,PKS,Nat,Non-Fringing,Eroded,12,10,0.061,G-12B,0,0.0610
7/9/2018,7,9,2018,SU2018,PKS,Nat,Non-Fringing,Eroded,12,15,0.055,G-12B,0,0.0550
7/9/2018,7,9,2018,SU2018,PKS,Nat,Non-Fringing,Eroded,13,-1,-0.323,G-12B,0,-0.3230
7/9/2018,7,9,2018,SU2018,PKS,Nat,Non-Fringing,Eroded,13,0,-0.334,G-12B,0,-0.3340
7/9/2018,7,9,2018,SU2018,PKS,Nat,Non-Fringing,Eroded,13,5,-0.213,G-12B,0,-0.2130
7/9/2018,7,9,2018,SU2018,PKS,Nat,Non-Fringing,Eroded,13,10,-0.051,G-12B,0,-0.0510
7/9/2018,7,9,2018,SU2018,PKS,Nat,Non-Fringing,Eroded,13,15,0.101,G-12B,0,0.1010
7/19/2018,7,19,2018,SU2018,PKS,Sill,Fringing,Behind,1,-1,0.317,G-12B,0,0.3170
7/19/2018,7,19,2018,SU2018,PKS,Sill,Fringing,Behind,1,0,0.232,G-12B,0,0.2323
7/19/2018,7,19,2018,SU2018,PKS,Sill,Fringing,Behind,1,5,0.128,G-12B,0,0.1284
7/19/2018,7,19,2018,SU2018,PKS,Sill,Fringing,Behind,1,10,0.172,G-12B,0,0.1719
7/19/2018,7,19,2018,SU2018,PKS,Sill,Fringing,Behind,1,15,0.248,G-12B,0,0.2475
7/19/2018,7,19,2018,SU2018,PKS,Sill,Fringing,Behind,1,20,0.263,G-12B,0,0.2628
7/19/2018,7,19,2018,SU2018,PKS,Sill,Fringing,Behind,2,-1,-0.097,G-12B,0,-0.0967
7/19/2018,7,19,2018,SU2018,PKS,Sill,Fringing,Behind,2,0,-0.090,G-12B,0,-0.0897
7/19/2018,7,19,2018,SU2018,PKS,Sill,Fringing,Behind,2,5,0.174,G-12B,0,0.1742
7/19/2018,7,19,2018,SU2018,PKS,Sill,Fringing,Behind,2,10,0.266,G-12B,0,0.2656
7/19/2018,7,19,2018,SU2018,PKS,Sill,Fringing,Behind,2,15,0.370,G-12B,0,0.3704
7/19/2018,7,19,2018,SU2018,PKS,Sill,Fringing,Behind,2,20,No plot,G-12B,0,#VALUE!
7/19/2018,7,19,2018,SU2018,PKS,Sill,Fringing,Behind,3,-1,0.039,G-12B,0,0.0394
7/19/2018,7,19,2018,SU2018,PKS,Sill,Fringing,Behind,3,0,-0.036,G-12B,0,-0.0360
7/19/2018,7,19,2018,SU2018,PKS,Sill,Fringing,Behind,3,5,0.095,G-12B,0,0.0946
7/19/2018,7,19,2018,SU2018,PKS,Sill,Fringing,Behind,3,10,0.203,G-12B,0,0.2030
7/19/2018,7,19,2018,SU2018,PKS,Sill,Fringing,Behind,3,15,0.322,G-12B,0,0.3220
7/19/2018,7,19,2018,SU2018,PKS,Sill,Fringing,Behind,4,-1,0.105,G-12B,0,0.1048
7/19/2018,7,19,2018,SU2018,PKS,Sill,Fringing,Behind,4,0,0.095,G-12B,0,0.0954
7/19/2018,7,19,2018,SU2018,PKS,Sill,Fringing,Behind,4,5,0.183,G-12B,0,0.1828
7/19/2018,7,19,2018,SU2018,PKS,Sill,Fringing,Behind,4,10,0.255,G-12B,0,0.2550
7/19/2018,7,19,2018,SU2018,PKS,Sill,Fringing,Behind,4,15,0.309,G-12B,0,0.3090
7/19/2018,7,19,2018,SU2018,PKS,Sill,Fringing,Behind,5,-1,0.203,G-12B,0,0.2025
7/19/2018,7,19,2018,SU2018,PKS,Sill,Fringing,Behind,5,0,0.174,G-12B,0,0.1743
7/19/2018,7,19,2018,SU2018,PKS,Sill,Fringing,Behind,5,5,0.068,G-12B,0,0.0683
7/19/2018,7,19,2018,SU2018,PKS,Sill,Fringing,Behind,5,10,0.030,G-12B,0,0.0299
7/19/2018,7,19,2018,SU2018,PKS,Sill,Fringing,Behind,5,15,0.120,G-12B,0,0.1196
7/19/2018,7,19,2018,SU2018,PKS,Sill,Fringing,Behind,5,20,0.282,G-12B,0,0.2820
7/20/2018,7,20,2018,SU2018,PI,Sill,Fringing,Behind,1,-1,0.334,G-12B,0,0.3342
7/20/2018,7,20,2018,SU2018,PI,Sill,Fringing,Behind,1,0,0.187,G-12B,0,0.1868
7/20/2018,7,20,2018,SU2018,PI,Sill,Fringing,Behind,1,5,0.754,G-12B,0,0.7542
7/20/2018,7,20,2018,SU2018,PI,Sill,Fringing,Behind,2,-1,0.081,G-12B,0,0.0805
7/20/2018,7,20,2018,SU2018,PI,Sill,Fringing,Behind,2,0,0.033,G-12B,0,0.0334
7/20/2018,7,20,2018,SU2018,PI,Sill,Fringing,Behind,2,5,0.332,G-12B,0,0.3315
7/20/2018,7,20,2018,SU2018,PI,Sill,Fringing,Behind,2,10,0.978,G-12B,0,0.9776
7/20/2018,7,20,2018,SU2018,PI,Sill,Fringing,Behind,3,-1,-0.154,G-12B,0,-0.1543
7/20/2018,7,20,2018,SU2018,PI,Sill,Fringing,Behind,3,0,-0.236,G-12B,0,-0.2361
7/20/2018,7,20,2018,SU2018,PI,Sill,Fringing,Behind,3,5,0.076,G-12B,0,0.0763
7/20/2018,7,20,2018,SU2018,PI,Sill,Fringing,Behind,3,10,0.411,G-12B,0,0.4109
7/20/2018,7,20,2018,SU2018,PI,Sill,Fringing,Behind,3,15,0.984,G-12B,0,0.9837
7/20/2018,7,20,2018,SU2018,PI,Sill,Fringing,Behind,4,-1,-0.271,G-12B,0,-0.2710
7/20/2018,7,20,2018,SU2018,PI,Sill,Fringing,Behind,4,0,-0.267,G-12B,0,-0.2674
7/20/2018,7,20,2018,SU2018,PI,Sill,Fringing,Behind,4,5,0.001,G-12B,0,0.0010
7/20/2018,7,20,2018,SU2018,PI,Sill,Fringing,Behind,4,10,0.224,G-12B,0,0.2237
7/20/2018,7,20,2018,SU2018,PI,Sill,Fringing,Behind,4,15,0.760,G-12B,0,0.7601
7/20/2018,7,20,2018,SU2018,PI,Sill,Fringing,Behind,4,20,1.026,G-12B,0,1.0264
7/20/2018,7,20,2018,SU2018,PI,Sill,Fringing,Behind,5,-1,-0.293,G-12B,0,-0.2934
7/20/2018,7,20,2018,SU2018,PI,Sill,Fringing,Behind,5,0,-0.273,G-12B,0,-0.2729
7/20/2018,7,20,2018,SU2018,PI,Sill,Fringing,Behind,5,5,0.021,G-12B,0,0.0208
7/20/2018,7,20,2018,SU2018,PI,Sill,Fringing,Behind,5,10,0.265,G-12B,0,0.2652
7/20/2018,7,20,2018,SU2018,PI,Sill,Fringing,Behind,5,15,0.933,G-12B,0,0.9333
7/20/2018,7,20,2018,SU2018,PI,Sill,Fringing,Behind,5,20,1.042,G-12B,0,1.0417
7/20/2018,7,20,2018,SU2018,PI,Sill,Fringing,Behind,6,-1,-0.333,G-12B,0,-0.3334
7/20/2018,7,20,2018,SU2018,PI,Sill,Fringing,Behind,6,0,-0.304,G-12B,0,-0.3037
7/20/2018,7,20,2018,SU2018,PI,Sill,Fringing,Behind,6,5,-0.089,G-12B,0,-0.0892
7/20/2018,7,20,2018,SU2018,PI,Sill,Fringing,Behind,6,10,0.179,G-12B,0,0.1785
7/20/2018,7,20,2018,SU2018,PI,Sill,Fringing,Behind,6,15,0.915,G-12B,0,0.9152
7/20/2018,7,20,2018,SU2018,PI,Sill,Fringing,Behind,6,20,0.856,G-12B,0,0.8564
7/20/2018,7,20,2018,SU2018,PI,Sill,Fringing,Behind,7,-1,-0.101,G-12B,0,-0.1006
7/20/2018,7,20,2018,SU2018,PI,Sill,Fringing,Behind,7,0,-0.034,G-12B,0,-0.0340
7/20/2018,7,20,2018,SU2018,PI,Sill,Fringing,Behind,7,5,0.288,G-12B,0,0.2876
7/20/2018,7,20,2018,SU2018,PI,Sill,Fringing,Behind,7,10,0.931,G-12B,0,0.9307
7/20/2018,7,20,2018,SU2018,PI,Nat,Fringing,None,5,-1,-0.225,G-12B,0,-0.2249
7/20/2018,7,20,2018,SU2018,PI,Nat,Fringing,None,5,0,-0.187,G-12B,0,-0.1866
7/20/2018,7,20,2018,SU2018,PI,Nat,Fringing,None,5,5,0.082,G-12B,0,0.0817
7/20/2018,7,20,2018,SU2018,PI,Nat,Fringing,None,5,10,0.514,G-12B,0,0.5144
7/20/2018,7,20,2018,SU2018,PI,Nat,Fringing,None,4,-1,-0.434,G-12B,0,-0.4335
7/20/2018,7,20,2018,SU2018,PI,Nat,Fringing,None,4,0,-0.405,G-12B,0,-0.4045
7/20/2018,7,20,2018,SU2018,PI,Nat,Fringing,None,4,5,-0.070,G-12B,0,-0.0704
7/20/2018,7,20,2018,SU2018,PI,Nat,Fringing,None,4,10,0.151,G-12B,0,0.1511
7/20/2018,7,20,2018,SU2018,PI,Nat,Fringing,None,4,15,0.674,G-12B,0,0.6740
7/20/2018,7,20,2018,SU2018,PI,Nat,Fringing,None,3,-1,-0.340,G-12B,0,-0.3395
7/20/2018,7,20,2018,SU2018,PI,Nat,Fringing,None,3,0,-0.328,G-12B,0,-0.3278
7/20/2018,7,20,2018,SU2018,PI,Nat,Fringing,None,3,5,-0.130,G-12B,0,-0.1302
7/20/2018,7,20,2018,SU2018,PI,Nat,Fringing,None,3,10,0.089,G-12B,0,0.0888
7/20/2018,7,20,2018,SU2018,PI,Nat,Fringing,None,3,15,0.723,G-12B,0,0.7230
7/20/2018,7,20,2018,SU2018,PI,Nat,Fringing,None,2,-1,-0.316,G-12B,0,-0.3156
7/20/2018,7,20,2018,SU2018,PI,Nat,Fringing,None,2,0,-0.325,G-12B,0,-0.3253
7/20/2018,7,20,2018,SU2018,PI,Nat,Fringing,None,2,5,-0.109,G-12B,0,-0.1091
7/20/2018,7,20,2018,SU2018,PI,Nat,Fringing,None,2,10,0.122,G-12B,0,0.1218
7/20/2018,7,20,2018,SU2018,PI,Nat,Fringing,None,2,15,0.424,G-12B,0,0.4242
7/20/2018,7,20,2018,SU2018,PI,Nat,Fringing,None,2,20,0.822,G-12B,0,0.8217
7/20/2018,7,20,2018,SU2018,PI,Nat,Fringing,None,1,-1,-0.353,G-12B,0,-0.3528
7/20/2018,7,20,2018,SU2018,PI,Nat,Fringing,None,1,0,-0.338,G-12B,0,-0.3375
7/20/2018,7,20,2018,SU2018,PI,Nat,Fringing,None,1,5,-0.128,G-12B,0,-0.1280
7/20/2018,7,20,2018,SU2018,PI,Nat,Fringing,None,1,10,0.029,G-12B,0,0.0290
7/20/2018,7,20,2018,SU2018,PI,Nat,Fringing,None,1,15,0.174,G-12B,0,0.1736
7/20/2018,7,20,2018,SU2018,PI,Nat,Fringing,None,1,20,0.504,G-12B,0,0.5039
7/30/2018,7,30,2018,SU2018,NCMM,Sill,Fringing,Behind,4,-1,-0.071,G-12B,0,-0.0715
7/30/2018,7,30,2018,SU2018,NCMM,Sill,Fringing,Behind,4,0,0.080,G-12B,0,0.0796
7/30/2018,7,30,2018,SU2018,NCMM,Sill,Fringing,Behind,4,5,0.265,G-12B,0,0.2653
7/30/2018,7,30,2018,SU2018,NCMM,Sill,Fringing,Behind,4,10,0.304,G-12B,0,0.3041
7/30/2018,7,30,2018,SU2018,NCMM,Sill,Fringing,Behind,4,15,0.612,G-12B,0,0.6119
7/30/2018,7,30,2018,SU2018,NCMM,Sill,Fringing,Behind,5,-1,-0.207,G-12B,0,-0.2065
7/30/2018,7,30,2018,SU2018,NCMM,Sill,Fringing,Behind,5,0,-0.117,G-12B,0,-0.1171
7/30/2018,7,30,2018,SU2018,NCMM,Sill,Fringing,Behind,5,5,0.153,G-12B,0,0.1527
7/30/2018,7,30,2018,SU2018,NCMM,Sill,Fringing,Behind,5,10,0.375,G-12B,0,0.3747
7/30/2018,7,30,2018,SU2018,NCMM,Sill,Fringing,Behind,5,15,0.538,G-12B,0,0.5378
7/30/2018,7,30,2018,SU2018,NCMM,Sill,Fringing,Adjacent,1,-1,-0.167,G-12B,0,-0.1666
7/30/2018,7,30,2018,SU2018,NCMM,Sill,Fringing,Adjacent,1,0,-0.170,G-12B,0,-0.1703
7/30/2018,7,30,2018,SU2018,NCMM,Sill,Fringing,Adjacent,1,5,-0.004,G-12B,0,-0.0045
7/30/2018,7,30,2018,SU2018,NCMM,Sill,Fringing,Adjacent,1,10,0.287,G-12B,0,0.2871
7/30/2018,7,30,2018,SU2018,NCMM,Sill,Fringing,Adjacent,2,-1,-0.476,G-12B,0,-0.4759
7/30/2018,7,30,2018,SU2018,NCMM,Sill,Fringing,Adjacent,2,0,-0.325,G-12B,0,-0.3255
7/30/2018,7,30,2018,SU2018,NCMM,Sill,Fringing,Adjacent,2,5,0.245,G-12B,0,0.2454
7/30/2018,7,30,2018,SU2018,NCMM,Sill,Fringing,Adjacent,2,10,0.232,G-12B,0,0.2316
7/30/2018,7,30,2018,SU2018,NCMM,Sill,Fringing,Adjacent,2,15,0.539,G-12B,0,0.5392
7/30/2018,7,30,2018,SU2018,NCMM,Sill,Fringing,Adjacent,3,-1,-0.526,G-12B,0,-0.5263
7/30/2018,7,30,2018,SU2018,NCMM,Sill,Fringing,Adjacent,3,0,-0.465,G-12B,0,-0.4652
7/30/2018,7,30,2018,SU2018,NCMM,Sill,Fringing,Adjacent,3,5,0.125,G-12B,0,0.1246
7/30/2018,7,30,2018,SU2018,NCMM,Sill,Fringing,Adjacent,3,10,0.229,G-12B,0,0.2290
7/30/2018,7,30,2018,SU2018,NCMM,Sill,Fringing,Adjacent,3,15,0.638,G-12B,0,0.6376
7/30/2018,7,30,2018,SU2018,NCMM,Nat,Fringing,None,6,-1,-0.402,G-12B,0,-0.4018
7/30/2018,7,30,2018,SU2018,NCMM,Nat,Fringing,None,6,0,-0.308,G-12B,0,-0.3075
7/30/2018,7,30,2018,SU2018,NCMM,Nat,Fringing,None,6,5,-0.092,G-12B,0,-0.0919
7/30/2018,7,30,2018,SU2018,NCMM,Nat,Fringing,None,6,10,-0.045,G-12B,0,-0.0453
7/30/2018,7,30,2018,SU2018,NCMM,Nat,Fringing,None,6,15,0.104,G-12B,0,0.1045
7/30/2018,7,30,2018,SU2018,NCMM,Nat,Fringing,None,6,20,0.208,G-12B,0,0.2083
7/30/2018,7,30,2018,SU2018,NCMM,Nat,Fringing,None,6,25,0.396,G-12B,0,0.3961
7/30/2018,7,30,2018,SU2018,NCMM,Nat,Fringing,None,6,30,0.585,G-12B,0,0.5849
7/30/2018,7,30,2018,SU2018,NCMM,Nat,Fringing,None,7,-1,-0.512,G-12B,0,-0.5119
7/30/2018,7,30,2018,SU2018,NCMM,Nat,Fringing,None,7,0,-0.428,G-12B,0,-0.4283
7/30/2018,7,30,2018,SU2018,NCMM,Nat,Fringing,None,7,5,0.156,G-12B,0,0.1561
7/30/2018,7,30,2018,SU2018,NCMM,Nat,Fringing,None,7,10,-0.175,G-12B,0,-0.1746
7/30/2018,7,30,2018,SU2018,NCMM,Nat,Fringing,None,7,15,0.055,G-12B,0,0.0552
7/30/2018,7,30,2018,SU2018,NCMM,Nat,Fringing,None,7,20,0.118,G-12B,0,0.1183
7/30/2018,7,30,2018,SU2018,NCMM,Nat,Fringing,None,7,25,0.380,G-12B,0,0.3796
7/30/2018,7,30,2018,SU2018,NCMM,Nat,Fringing,None,8,-1,-0.527,G-12B,0,-0.5269
7/30/2018,7,30,2018,SU2018,NCMM,Nat,Fringing,None,8,0,-0.471,G-12B,0,-0.4709
7/30/2018,7,30,2018,SU2018,NCMM,Nat,Fringing,None,8,5,-0.062,G-12B,0,-0.0621
7/30/2018,7,30,2018,SU2018,NCMM,Nat,Fringing,None,8,10,0.199,G-12B,0,0.1992
7/30/2018,7,30,2018,SU2018,NCMM,Nat,Fringing,None,8,15,-0.003,G-12B,0,-0.0034
7/30/2018,7,30,2018,SU2018,NCMM,Nat,Fringing,None,8,20,0.179,G-12B,0,0.1793
7/30/2018,7,30,2018,SU2018,NCMM,Nat,Fringing,None,8,25,0.468,G-12B,0,0.4685
7/30/2018,7,30,2018,SU2018,NCMM,Nat,Fringing,None,9,-1,-0.480,G-12B,0,-0.4802
7/30/2018,7,30,2018,SU2018,NCMM,Nat,Fringing,None,9,0,-0.370,G-12B,0,-0.3703
7/30/2018,7,30,2018,SU2018,NCMM,Nat,Fringing,None,9,5,0.320,G-12B,0,0.3200
7/30/2018,7,30,2018,SU2018,NCMM,Nat,Fringing,None,9,10,0.321,G-12B,0,0.3207
7/30/2018,7,30,2018,SU2018,NCMM,Nat,Fringing,None,9,15,0.185,G-12B,0,0.1845
7/30/2018,7,30,2018,SU2018,NCMM,Nat,Fringing,None,9,20,0.315,G-12B,0,0.3148
7/31/2019,7,31,2019,SU2019,NCMM,Sill,Fringing,Adjacent,1,-1,-0.205,G-12B,0,-0.2047
7/31/2019,7,31,2019,SU2019,NCMM,Sill,Fringing,Adjacent,1,0,-0.210,G-12B,0,-0.2096
7/31/2019,7,31,2019,SU2019,NCMM,Sill,Fringing,Adjacent,1,5,-0.026,G-12B,0,-0.0258
7/31/2019,7,31,2019,SU2019,NCMM,Sill,Fringing,Adjacent,1,10,0.241,G-12B,0,0.2414
7/31/2019,7,31,2019,SU2019,NCMM,Sill,Fringing,Adjacent,2,-1,-0.479,G-12B,0,-0.4793
7/31/2019,7,31,2019,SU2019,NCMM,Sill,Fringing,Adjacent,2,0,-0.425,G-12B,0,-0.4253
7/31/2019,7,31,2019,SU2019,NCMM,Sill,Fringing,Adjacent,2,5,0.194,G-12B,0,0.1939
7/31/2019,7,31,2019,SU2019,NCMM,Sill,Fringing,Adjacent,2,10,0.221,G-12B,0,0.2206
7/31/2019,7,31,2019,SU2019,NCMM,Sill,Fringing,Adjacent,2,15,0.463,G-12B,0,0.4634
7/31/2019,7,31,2019,SU2019,NCMM,Sill,Fringing,Adjacent,3,-1,-0.527,G-12B,0,-0.5267
7/31/2019,7,31,2019,SU2019,NCMM,Sill,Fringing,Adjacent,3,0,-0.495,G-12B,0,-0.4950
7/31/2019,7,31,2019,SU2019,NCMM,Sill,Fringing,Adjacent,3,5,0.061,G-12B,0,0.0610
7/31/2019,7,31,2019,SU2019,NCMM,Sill,Fringing,Adjacent,3,10,0.209,G-12B,0,0.2093
7/31/2019,7,31,2019,SU2019,NCMM,Sill,Fringing,Adjacent,3,15,0.591,G-12B,0,0.5912
7/31/2019,7,31,2019,SU2019,NCMM,Sill,Fringing,Behind,4,-1,-0.067,G-12B,0,-0.0668
7/31/2019,7,31,2019,SU2019,NCMM,Sill,Fringing,Behind,4,0,0.059,G-12B,0,0.0589
7/31/2019,7,31,2019,SU2019,NCMM,Sill,Fringing,Behind,4,5,0.247,G-12B,0,0.2467
7/31/2019,7,31,2019,SU2019,NCMM,Sill,Fringing,Behind,4,10,0.293,G-12B,0,0.2930
7/31/2019,7,31,2019,SU2019,NCMM,Sill,Fringing,Behind,4,15,0.615,G-12B,0,0.6151
7/31/2019,7,31,2019,SU2019,NCMM,Sill,Fringing,Behind,5,-1,-0.201,G-12B,0,-0.2006
7/31/2019,7,31,2019,SU2019,NCMM,Sill,Fringing,Behind,5,0,-0.143,G-12B,0,-0.1431
7/31/2019,7,31,2019,SU2019,NCMM,Sill,Fringing,Behind,5,5,0.138,G-12B,0,0.1383
7/31/2019,7,31,2019,SU2019,NCMM,Sill,Fringing,Behind,5,10,0.333,G-12B,0,0.3334
7/31/2019,7,31,2019,SU2019,NCMM,Sill,Fringing,Behind,5,15,0.557,G-12B,0,0.5569
7/31/2019,7,31,2019,SU2019,NCMM,Nat,Fringing,None,6,-1,-0.443,G-12B,0,-0.4427
7/31/2019,7,31,2019,SU2019,NCMM,Nat,Fringing,None,6,0,-0.368,G-12B,0,-0.3681
7/31/2019,7,31,2019,SU2019,NCMM,Nat,Fringing,None,6,5,-0.012,G-12B,0,-0.0118
7/31/2019,7,31,2019,SU2019,NCMM,Nat,Fringing,None,6,10,-0.107,G-12B,0,-0.1074
7/31/2019,7,31,2019,SU2019,NCMM,Nat,Fringing,None,6,15,0.041,G-12B,0,0.0406
7/31/2019,7,31,2019,SU2019,NCMM,Nat,Fringing,None,6,20,0.190,G-12B,0,0.1896
7/31/2019,7,31,2019,SU2019,NCMM,Nat,Fringing,None,6,25,0.381,G-12B,0,0.3806
7/31/2019,7,31,2019,SU2019,NCMM,Nat,Fringing,None,6,30,0.556,G-12B,0,0.5560
7/31/2019,7,31,2019,SU2019,NCMM,Nat,Fringing,None,7,-1,-0.544,G-12B,0,-0.5438
7/31/2019,7,31,2019,SU2019,NCMM,Nat,Fringing,None,7,0,-0.493,G-12B,0,-0.4926
7/31/2019,7,31,2019,SU2019,NCMM,Nat,Fringing,None,7,5,0.129,G-12B,0,0.1294
7/31/2019,7,31,2019,SU2019,NCMM,Nat,Fringing,None,7,10,-0.164,G-12B,0,-0.1643
7/31/2019,7,31,2019,SU2019,NCMM,Nat,Fringing,None,7,15,-0.004,G-12B,0,-0.0039
7/31/2019,7,31,2019,SU2019,NCMM,Nat,Fringing,None,7,20,0.121,G-12B,0,0.1206
7/31/2019,7,31,2019,SU2019,NCMM,Nat,Fringing,None,7,25,0.359,G-12B,0,0.3590
7/31/2019,7,31,2019,SU2019,NCMM,Nat,Fringing,None,8,-1,-0.537,G-12B,0,-0.5368
7/31/2019,7,31,2019,SU2019,NCMM,Nat,Fringing,None,8,0,-0.501,G-12B,0,-0.5005
7/31/2019,7,31,2019,SU2019,NCMM,Nat,Fringing,None,8,5,0.042,G-12B,0,0.0418
7/31/2019,7,31,2019,SU2019,NCMM,Nat,Fringing,None,8,10,0.161,G-12B,0,0.1607
7/31/2019,7,31,2019,SU2019,NCMM,Nat,Fringing,None,8,15,-0.004,G-12B,0,-0.0038
7/31/2019,7,31,2019,SU2019,NCMM,Nat,Fringing,None,8,20,0.164,G-12B,0,0.1644
7/31/2019,7,31,2019,SU2019,NCMM,Nat,Fringing,None,8,25,0.434,G-12B,0,0.4340
7/31/2019,7,31,2019,SU2019,NCMM,Nat,Fringing,None,9,-1,-0.498,G-12B,0,-0.4982
7/31/2019,7,31,2019,SU2019,NCMM,Nat,Fringing,None,9,0,-0.428,G-12B,0,-0.4278
7/31/2019,7,31,2019,SU2019,NCMM,Nat,Fringing,None,9,5,0.179,G-12B,0,0.1786
7/31/2019,7,31,2019,SU2019,NCMM,Nat,Fringing,None,9,10,0.332,G-12B,0,0.3319
7/31/2019,7,31,2019,SU2019,NCMM,Nat,Fringing,None,9,15,0.117,G-12B,0,0.1171
7/31/2019,7,31,2019,SU2019,NCMM,Nat,Fringing,None,9,20,0.305,G-12B,0,0.3053
7/30/2019,7,30,2019,SU2019,PKS,Nat,Fringing,NONE,6,-1,-0.128,G-12B,0,-0.1277
7/30/2019,7,30,2019,SU2019,PKS,Nat,Fringing,NONE,6,0,-0.040,G-12B,0,-0.0403
7/30/2019,7,30,2019,SU2019,PKS,Nat,Fringing,NONE,6,5,0.024,G-12B,0,0.0243
7/30/2019,7,30,2019,SU2019,PKS,Nat,Fringing,NONE,6,10,0.225,G-12B,0,0.2252
7/30/2019,7,30,2019,SU2019,PKS,Nat,Fringing,NONE,6,15,0.319,G-12B,0,0.3188
7/30/2019,7,30,2019,SU2019,PKS,Nat,Fringing,NONE,7,-1,-0.320,G-12B,0,-0.3198
7/30/2019,7,30,2019,SU2019,PKS,Nat,Fringing,NONE,7,0,-0.321,G-12B,0,-0.3215
7/30/2019,7,30,2019,SU2019,PKS,Nat,Fringing,NONE,7,5,0.039,G-12B,0,0.0388
7/30/2019,7,30,2019,SU2019,PKS,Nat,Fringing,NONE,7,10,0.019,G-12B,0,0.0190
7/30/2019,7,30,2019,SU2019,PKS,Nat,Fringing,NONE,7,15,0.314,G-12B,0,0.3135
7/30/2019,7,30,2019,SU2019,PKS,Nat,Fringing,NONE,7,20,0.473,G-12B,0,0.4733
7/30/2019,7,30,2019,SU2019,PKS,Nat,Fringing,NONE,8,-1,-0.403,G-12B,0,-0.4030
7/30/2019,7,30,2019,SU2019,PKS,Nat,Fringing,NONE,8,0,-0.432,G-12B,0,-0.4324
7/30/2019,7,30,2019,SU2019,PKS,Nat,Fringing,NONE,8,5,0.255,G-12B,0,0.2545
7/30/2019,7,30,2019,SU2019,PKS,Nat,Fringing,NONE,8,10,0.360,G-12B,0,0.3603
7/30/2019,7,30,2019,SU2019,PKS,Nat,Fringing,NONE,8,15,0.253,G-12B,0,0.2532
7/30/2019,7,30,2019,SU2019,PKS,Nat,Fringing,NONE,8,20,0.371,G-12B,0,0.3708
7/30/2019,7,30,2019,SU2019,PKS,Nat,Fringing,NONE,9,-1,-0.365,G-12B,0,-0.3652
7/30/2019,7,30,2019,SU2019,PKS,Nat,Fringing,NONE,9,0,-0.353,G-12B,0,-0.3532
7/30/2019,7,30,2019,SU2019,PKS,Nat,Fringing,NONE,9,5,-0.135,G-12B,0,-0.1346
7/30/2019,7,30,2019,SU2019,PKS,Nat,Fringing,NONE,9,10,0.165,G-12B,0,0.1654
7/30/2019,7,30,2019,SU2019,PKS,Nat,Fringing,NONE,9,15,0.239,G-12B,0,0.2388
7/30/2019,7,30,2019,SU2019,PKS,Nat,Fringing,NONE,9,20,0.376,G-12B,0,0.3763
7/30/2019,7,30,2019,SU2019,PKS,Nat,Fringing,NONE,10,-1,-0.400,G-12B,0,-0.3997
7/30/2019,7,30,2019,SU2019,PKS,Nat,Fringing,NONE,10,0,-0.389,G-12B,0,-0.3894
7/30/2019,7,30,2019,SU2019,PKS,Nat,Fringing,NONE,10,5,-0.167,G-12B,0,-0.1670
7/30/2019,7,30,2019,SU2019,PKS,Nat,Fringing,NONE,10,10,0.225,G-12B,0,0.2247
7/30/2019,7,30,2019,SU2019,PKS,Nat,Fringing,NONE,10,15,0.431,G-12B,0,0.4308
7/30/2019,7,30,2019,SU2019,PKS,Sill,Natural,Fringing,1,-1,0.209,G-12B,0,0.2086
7/30/2019,7,30,2019,SU2019,PKS,Sill,Natural,Fringing,1,0,0.129,G-12B,0,0.1288
7/30/2019,7,30,2019,SU2019,PKS,Sill,Natural,Fringing,1,5,0.134,G-12B,0,0.1337
7/30/2019,7,30,2019,SU2019,PKS,Sill,Natural,Fringing,1,10,0.177,G-12B,0,0.1768
7/30/2019,7,30,2019,SU2019,PKS,Sill,Natural,Fringing,1,15,0.249,G-12B,0,0.2495
7/30/2019,7,30,2019,SU2019,PKS,Sill,Natural,Fringing,1,20,0.265,G-12B,0,0.2648
7/30/2019,7,30,2019,SU2019,PKS,Sill,Natural,Fringing,2,-1,-0.071,G-12B,0,-0.0715
7/30/2019,7,30,2019,SU2019,PKS,Sill,Natural,Fringing,2,0,-0.089,G-12B,0,-0.0886
7/30/2019,7,30,2019,SU2019,PKS,Sill,Natural,Fringing,2,5,0.167,G-12B,0,0.1672
7/30/2019,7,30,2019,SU2019,PKS,Sill,Natural,Fringing,2,10,0.259,G-12B,0,0.2589
7/30/2019,7,30,2019,SU2019,PKS,Sill,Natural,Fringing,2,15,0.379,G-12B,0,0.3787
7/30/2019,7,30,2019,SU2019,PKS,Sill,Natural,Fringing,3,-1,0.031,G-12B,0,0.0310
7/30/2019,7,30,2019,SU2019,PKS,Sill,Natural,Fringing,3,0,-0.049,G-12B,0,-0.0488
7/30/2019,7,30,2019,SU2019,PKS,Sill,Natural,Fringing,3,5,0.090,G-12B,0,0.0896
7/30/2019,7,30,2019,SU2019,PKS,Sill,Natural,Fringing,3,10,0.224,G-12B,0,0.2242
7/30/2019,7,30,2019,SU2019,PKS,Sill,Natural,Fringing,3,15,0.327,G-12B,0,0.3267
7/30/2019,7,30,2019,SU2019,PKS,Sill,Natural,Fringing,4,-1,0.113,G-12B,0,0.1125
7/30/2019,7,30,2019,SU2019,PKS,Sill,Natural,Fringing,4,0,0.087,G-12B,0,0.0872
7/30/2019,7,30,2019,SU2019,PKS,Sill,Natural,Fringing,4,5,0.192,G-12B,0,0.1917
7/30/2019,7,30,2019,SU2019,PKS,Sill,Natural,Fringing,4,10,0.262,G-12B,0,0.2622
7/30/2019,7,30,2019,SU2019,PKS,Sill,Natural,Fringing,4,15,0.304,G-12B,0,0.3044
7/30/2019,7,30,2019,SU2019,PKS,Sill,Natural,Fringing,5,-1,0.199,G-12B,0,0.1986
7/30/2019,7,30,2019,SU2019,PKS,Sill,Natural,Fringing,5,0,0.198,G-12B,0,0.1977
7/30/2019,7,30,2019,SU2019,PKS,Sill,Natural,Fringing,5,5,0.078,G-12B,0,0.0778
7/30/2019,7,30,2019,SU2019,PKS,Sill,Natural,Fringing,5,10,0.034,G-12B,0,0.0344
7/30/2019,7,30,2019,SU2019,PKS,Sill,Natural,Fringing,5,15,0.131,G-12B,0,0.1314
7/30/2019,7,30,2019,SU2019,PKS,Sill,Natural,Fringing,5,20,0.281,G-12B,0,0.2808
7/30/2019,7,30,2019,SU2019,PKS,Nat,Eroded,non_Fringing,11,-1,-0.246,G-12B,0,-0.2459
7/30/2019,7,30,2019,SU2019,PKS,Nat,Eroded,non_Fringing,11,0,-0.281,G-12B,0,-0.2810
7/30/2019,7,30,2019,SU2019,PKS,Nat,Eroded,non_Fringing,11,5,-0.187,G-12B,0,-0.1867
7/30/2019,7,30,2019,SU2019,PKS,Nat,Eroded,non_Fringing,11,10,0.059,G-12B,0,0.0588
7/30/2019,7,30,2019,SU2019,PKS,Nat,Eroded,non_Fringing,11,15,0.096,G-12B,0,0.0964
7/30/2019,7,30,2019,SU2019,PKS,Nat,Eroded,non_Fringing,11,20,0.098,G-12B,0,0.0978
7/30/2019,7,30,2019,SU2019,PKS,Nat,Eroded,non_Fringing,11,30,0.160,G-12B,0,0.1597
7/30/2019,7,30,2019,SU2019,PKS,Nat,Eroded,non_Fringing,11,40,0.158,G-12B,0,0.1583
7/30/2019,7,30,2019,SU2019,PKS,Nat,Eroded,non_Fringing,12,-1,-0.314,G-12B,0,-0.3137
7/30/2019,7,30,2019,SU2019,PKS,Nat,Eroded,non_Fringing,12,0,-0.285,G-12B,0,-0.2848
7/30/2019,7,30,2019,SU2019,PKS,Nat,Eroded,non_Fringing,12,5,-0.201,G-12B,0,-0.2006
7/30/2019,7,30,2019,SU2019,PKS,Nat,Eroded,non_Fringing,12,10,0.093,G-12B,0,0.0928
7/30/2019,7,30,2019,SU2019,PKS,Nat,Eroded,non_Fringing,12,15,0.030,G-12B,0,0.0302
7/30/2019,7,30,2019,SU2019,PKS,Nat,Eroded,non_Fringing,12,20,0.069,G-12B,0,0.0690
7/30/2019,7,30,2019,SU2019,PKS,Nat,Eroded,non_Fringing,12,30,0.145,G-12B,0,0.1455
7/30/2019,7,30,2019,SU2019,PKS,Nat,Eroded,non_Fringing,12,40,0.128,G-12B,0,0.1276
7/30/2019,7,30,2019,SU2019,PKS,Nat,Eroded,non_Fringing,12,50,0.152,G-12B,0,0.1518
7/30/2019,7,30,2019,SU2019,PKS,Nat,Eroded,non_Fringing,12,60,0.155,G-12B,0,0.1545
7/30/2019,7,30,2019,SU2019,PKS,Nat,Eroded,non_Fringing,12,70,0.161,G-12B,0,0.1612
7/30/2019,7,30,2019,SU2019,PKS,Nat,Eroded,non_Fringing,12,80,0.174,G-12B,0,0.1743
7/30/2019,7,30,2019,SU2019,PKS,Nat,Eroded,non_Fringing,13,-1,-0.301,G-12B,0,-0.3009
7/30/2019,7,30,2019,SU2019,PKS,Nat,Eroded,non_Fringing,13,0,-0.299,G-12B,0,-0.2988
7/30/2019,7,30,2019,SU2019,PKS,Nat,Eroded,non_Fringing,13,5,-0.209,G-12B,0,-0.2090
7/30/2019,7,30,2019,SU2019,PKS,Nat,Eroded,non_Fringing,13,10,-0.059,G-12B,0,-0.0590
7/30/2019,7,30,2019,SU2019,PKS,Nat,Eroded,non_Fringing,13,15,0.071,G-12B,0,0.0712
7/30/2019,7,30,2019,SU2019,PKS,Nat,Eroded,non_Fringing,13,20,0.079,G-12B,0,0.0788
7/30/2019,7,30,2019,SU2019,PKS,Nat,Eroded,non_Fringing,13,30,0.067,G-12B,0,0.0672
7/30/2019,7,30,2019,SU2019,PKS,Nat,Eroded,non_Fringing,13,40,0.128,G-12B,0,0.1281
7/30/2019,7,30,2019,SU2019,PKS,Nat,Eroded,non_Fringing,13,50,0.157,G-12B,0,0.1574
7/30/2019,7,30,2019,SU2019,PKS,Nat,Eroded,non_Fringing,13,60,0.156,G-12B,0,0.1558
7/30/2019,7,30,2019,SU2019,PKS,Nat,Eroded,non_Fringing,13,70,0.245,G-12B,0,0.2450
7/29/2019,7,29,2019,SU2019,PI,Nat,Fringing,Oyster,1,-1,-0.350,G-12B,0,-0.3496
7/29/2019,7,29,2019,SU2019,PI,Nat,Fringing,Oyster,1,0,-0.339,G-12B,0,-0.3389
7/29/2019,7,29,2019,SU2019,PI,Nat,Fringing,Oyster,1,5,-0.137,G-12B,0,-0.1372
7/29/2019,7,29,2019,SU2019,PI,Nat,Fringing,Oyster,1,10,0.020,G-12B,0,0.0202
7/29/2019,7,29,2019,SU2019,PI,Nat,Fringing,Oyster,1,15,0.171,G-12B,0,0.1714
7/29/2019,7,29,2019,SU2019,PI,Nat,Fringing,Oyster,1,20,0.446,G-12B,0,0.4461
7/29/2019,7,29,2019,SU2019,PI,Nat,Fringing,Oyster,2,-1,-0.335,G-12B,0,-0.3348
7/29/2019,7,29,2019,SU2019,PI,Nat,Fringing,Oyster,2,0,-0.315,G-12B,0,-0.3149
7/29/2019,7,29,2019,SU2019,PI,Nat,Fringing,Oyster,2,5,-0.101,G-12B,0,-0.1008
7/29/2019,7,29,2019,SU2019,PI,Nat,Fringing,Oyster,2,10,0.113,G-12B,0,0.1133
7/29/2019,7,29,2019,SU2019,PI,Nat,Fringing,Oyster,2,15,0.386,G-12B,0,0.3861
7/29/2019,7,29,2019,SU2019,PI,Nat,Fringing,Oyster,2,20,0.763,G-12B,0,0.7634
7/29/2019,7,29,2019,SU2019,PI,Nat,Fringing,Oyster,3,-1,-0.343,G-12B,0,-0.3428
7/29/2019,7,29,2019,SU2019,PI,Nat,Fringing,Oyster,3,0,-0.326,G-12B,0,-0.3263
7/29/2019,7,29,2019,SU2019,PI,Nat,Fringing,Oyster,3,5,-0.145,G-12B,0,-0.1450
7/29/2019,7,29,2019,SU2019,PI,Nat,Fringing,Oyster,3,10,0.067,G-12B,0,0.0675
7/29/2019,7,29,2019,SU2019,PI,Nat,Fringing,Oyster,3,15,0.649,G-12B,0,0.6488
7/29/2019,7,29,2019,SU2019,PI,Nat,Fringing,Oyster,4,-1,-0.422,G-12B,0,-0.4224
7/29/2019,7,29,2019,SU2019,PI,Nat,Fringing,Oyster,4,0,-0.417,G-12B,0,-0.4167
7/29/2019,7,29,2019,SU2019,PI,Nat,Fringing,Oyster,4,5,-0.093,G-12B,0,-0.0929
7/29/2019,7,29,2019,SU2019,PI,Nat,Fringing,Oyster,4,10,0.138,G-12B,0,0.1382
7/29/2019,7,29,2019,SU2019,PI,Nat,Fringing,Oyster,4,15,0.649,G-12B,0,0.6487
7/29/2019,7,29,2019,SU2019,PI,Nat,Fringing,Oyster,5,-1,-0.228,G-12B,0,-0.2275
7/29/2019,7,29,2019,SU2019,PI,Nat,Fringing,Oyster,5,0,-0.192,G-12B,0,-0.1924
7/29/2019,7,29,2019,SU2019,PI,Nat,Fringing,Oyster,5,5,0.070,G-12B,0,0.0702
7/29/2019,7,29,2019,SU2019,PI,Nat,Fringing,Oyster,5,10,0.495,G-12B,0,0.4950
7/29/2019,7,29,2019,SU2019,PI,Sill,Fringing,Behind,1,-1,0.059,G-12B,0,0.0594
7/29/2019,7,29,2019,SU2019,PI,Sill,Fringing,Behind,1,0,0.129,G-12B,0,0.1295
7/29/2019,7,29,2019,SU2019,PI,Sill,Fringing,Behind,1,5,0.692,G-12B,0,0.6919
7/29/2019,7,29,2019,SU2019,PI,Sill,Fringing,Behind,2,-1,0.044,G-12B,0,0.0440
7/29/2019,7,29,2019,SU2019,PI,Sill,Fringing,Behind,2,0,0.047,G-12B,0,0.0469
7/29/2019,7,29,2019,SU2019,PI,Sill,Fringing,Behind,2,5,0.328,G-12B,0,0.3276
7/29/2019,7,29,2019,SU2019,PI,Sill,Fringing,Behind,2,10,0.972,G-12B,0,0.9719
7/29/2019,7,29,2019,SU2019,PI,Sill,Fringing,Behind,3,-1,-0.174,G-12B,0,-0.1742
7/29/2019,7,29,2019,SU2019,PI,Sill,Fringing,Behind,3,0,-0.175,G-12B,0,-0.1746
7/29/2019,7,29,2019,SU2019,PI,Sill,Fringing,Behind,3,5,0.079,G-12B,0,0.0790
7/29/2019,7,29,2019,SU2019,PI,Sill,Fringing,Behind,3,10,0.381,G-12B,0,0.3813
7/29/2019,7,29,2019,SU2019,PI,Sill,Fringing,Behind,3,15,0.986,G-12B,0,0.9864
7/29/2019,7,29,2019,SU2019,PI,Sill,Fringing,Behind,4,-1,-0.253,G-12B,0,-0.2532
7/29/2019,7,29,2019,SU2019,PI,Sill,Fringing,Behind,4,0,-0.233,G-12B,0,-0.2334
7/29/2019,7,29,2019,SU2019,PI,Sill,Fringing,Behind,4,5,-0.008,G-12B,0,-0.0084
7/29/2019,7,29,2019,SU2019,PI,Sill,Fringing,Behind,4,10,0.231,G-12B,0,0.2310
7/29/2019,7,29,2019,SU2019,PI,Sill,Fringing,Behind,4,15,0.712,G-12B,0,0.7116
7/29/2019,7,29,2019,SU2019,PI,Sill,Fringing,Behind,4,20,1.012,G-12B,0,1.0116
7/29/2019,7,29,2019,SU2019,PI,Sill,Fringing,Behind,5,-1,-0.269,G-12B,0,-0.2694
7/29/2019,7,29,2019,SU2019,PI,Sill,Fringing,Behind,5,0,-0.255,G-12B,0,-0.2553
7/29/2019,7,29,2019,SU2019,PI,Sill,Fringing,Behind,5,5,0.022,G-12B,0,0.0217
7/29/2019,7,29,2019,SU2019,PI,Sill,Fringing,Behind,5,10,0.257,G-12B,0,0.2575
7/29/2019,7,29,2019,SU2019,PI,Sill,Fringing,Behind,5,15,0.940,G-12B,0,0.9402
7/29/2019,7,29,2019,SU2019,PI,Sill,Fringing,Behind,5,20,1.067,G-12B,0,1.0671
7/29/2019,7,29,2019,SU2019,PI,Sill,Fringing,Behind,6,-1,-0.309,G-12B,0,-0.3092
7/29/2019,7,29,2019,SU2019,PI,Sill,Fringing,Behind,6,0,-0.286,G-12B,0,-0.2865
7/29/2019,7,29,2019,SU2019,PI,Sill,Fringing,Behind,6,5,-0.097,G-12B,0,-0.0972
7/29/2019,7,29,2019,SU2019,PI,Sill,Fringing,Behind,6,10,0.184,G-12B,0,0.1839
7/29/2019,7,29,2019,SU2019,PI,Sill,Fringing,Behind,6,15,0.792,G-12B,0,0.7920
7/29/2019,7,29,2019,SU2019,PI,Sill,Fringing,Behind,6,20,0.883,G-12B,0,0.8826
7/29/2019,7,29,2019,SU2019,PI,Sill,Fringing,Behind,7,-1,-0.039,G-12B,0,-0.0389
7/29/2019,7,29,2019,SU2019,PI,Sill,Fringing,Behind,7,0,-0.091,G-12B,0,-0.0910
7/29/2019,7,29,2019,SU2019,PI,Sill,Fringing,Behind,7,5,0.277,G-12B,0,0.2768
7/29/2019,7,29,2019,SU2019,PI,Sill,Fringing,Behind,7,10,0.908,G-12B,0,0.9083
7/14/2020,7,14,2020,SU2020,NCMM,Nat,Fringing,Oyster,6,-1,-0.587,G-12B,0,-0.5865
7/14/2020,7,14,2020,SU2020,NCMM,Nat,Fringing,Oyster,6,0,-0.556,G-12B,0,-0.5555
7/14/2020,7,14,2020,SU2020,NCMM,Nat,Fringing,Oyster,6,5,DOCK,G-12B,0,-
7/14/2020,7,14,2020,SU2020,NCMM,Nat,Fringing,Oyster,6,10,-0.158,G-12B,0,-0.1583
7/14/2020,7,14,2020,SU2020,NCMM,Nat,Fringing,Oyster,6,15,-0.019,G-12B,0,-0.0189
7/14/2020,7,14,2020,SU2020,NCMM,Nat,Fringing,Oyster,6,20,0.148,G-12B,0,0.1476
7/14/2020,7,14,2020,SU2020,NCMM,Nat,Fringing,Oyster,6,25,0.229,G-12B,0,0.2294
7/14/2020,7,14,2020,SU2020,NCMM,Nat,Fringing,Oyster,6,30,0.560,G-12B,0,0.5595
7/14/2020,7,14,2020,SU2020,NCMM,Nat,Fringing,Oyster,7,-1,-0.532,G-12B,0,-0.5315
7/14/2020,7,14,2020,SU2020,NCMM,Nat,Fringing,Oyster,7,0,-0.522,G-12B,0,-0.5215
7/14/2020,7,14,2020,SU2020,NCMM,Nat,Fringing,Oyster,7,5,0.132,G-12B,0,0.1315
7/14/2020,7,14,2020,SU2020,NCMM,Nat,Fringing,Oyster,7,10,-0.170,G-12B,0,-0.1695
7/14/2020,7,14,2020,SU2020,NCMM,Nat,Fringing,Oyster,7,15,0.050,G-12B,0,0.0495
7/14/2020,7,14,2020,SU2020,NCMM,Nat,Fringing,Oyster,7,20,0.135,G-12B,0,0.1345
7/14/2020,7,14,2020,SU2020,NCMM,Nat,Fringing,Oyster,7,25,0.404,G-12B,0,0.4035
7/14/2020,7,14,2020,SU2020,NCMM,Nat,Fringing,Oyster,8,-1,-0.536,G-12B,0,-0.5355
7/14/2020,7,14,2020,SU2020,NCMM,Nat,Fringing,Oyster,8,0,-0.483,G-12B,0,-0.4825
7/14/2020,7,14,2020,SU2020,NCMM,Nat,Fringing,Oyster,8,5,0.093,G-12B,0,0.0925
7/14/2020,7,14,2020,SU2020,NCMM,Nat,Fringing,Oyster,8,10,0.167,G-12B,0,0.1665
7/14/2020,7,14,2020,SU2020,NCMM,Nat,Fringing,Oyster,8,15,0.008,G-12B,0,0.0085
7/14/2020,7,14,2020,SU2020,NCMM,Nat,Fringing,Oyster,8,20,0.192,G-12B,0,0.1915
7/14/2020,7,14,2020,SU2020,NCMM,Nat,Fringing,Oyster,8,25,0.431,G-12B,0,0.4305
7/14/2020,7,14,2020,SU2020,NCMM,Nat,Fringing,Oyster,9,-1,-0.506,G-12B,0,-0.5055
7/14/2020,7,14,2020,SU2020,NCMM,Nat,Fringing,Oyster,9,0,-0.425,G-12B,0,-0.4245
7/14/2020,7,14,2020,SU2020,NCMM,Nat,Fringing,Oyster,9,5,0.310,G-12B,0,0.3095
7/14/2020,7,14,2020,SU2020,NCMM,Nat,Fringing,Oyster,9,10,0.333,G-12B,0,0.3325
7/14/2020,7,14,2020,SU2020,NCMM,Nat,Fringing,Oyster,9,15,0.189,G-12B,0,0.1885
7/14/2020,7,14,2020,SU2020,NCMM,Nat,Fringing,Oyster,9,20,0.320,G-12B,0,0.3195
7/14/2020,7,14,2020,SU2020,NCMM,Sill,Fringing,Adjacent,1,-1,-0.184,G-12B,0,-0.1840
7/14/2020,7,14,2020,SU2020,NCMM,Sill,Fringing,Adjacent,1,0,-0.207,G-12B,0,-0.2069
7/14/2020,7,14,2020,SU2020,NCMM,Sill,Fringing,Adjacent,1,5,0.012,G-12B,0,0.0118
7/14/2020,7,14,2020,SU2020,NCMM,Sill,Fringing,Adjacent,1,10,0.274,G-12B,0,0.2735
7/14/2020,7,14,2020,SU2020,NCMM,Sill,Fringing,Adjacent,2,-1,-0.478,G-12B,0,-0.4782
7/14/2020,7,14,2020,SU2020,NCMM,Sill,Fringing,Adjacent,2,0,-0.408,G-12B,0,-0.4083
7/14/2020,7,14,2020,SU2020,NCMM,Sill,Fringing,Adjacent,2,5,0.206,G-12B,0,0.2059
7/14/2020,7,14,2020,SU2020,NCMM,Sill,Fringing,Adjacent,2,10,0.224,G-12B,0,0.2242
7/14/2020,7,14,2020,SU2020,NCMM,Sill,Fringing,Adjacent,2,15,0.526,G-12B,0,0.5259
7/14/2020,7,14,2020,SU2020,NCMM,Sill,Fringing,Adjacent,3,-1,-0.595,G-12B,0,-0.5953
7/14/2020,7,14,2020,SU2020,NCMM,Sill,Fringing,Adjacent,3,0,-0.560,G-12B,0,-0.5596
7/14/2020,7,14,2020,SU2020,NCMM,Sill,Fringing,Adjacent,3,5,0.032,G-12B,0,0.0322
7/14/2020,7,14,2020,SU2020,NCMM,Sill,Fringing,Adjacent,3,10,0.197,G-12B,0,0.1974
7/14/2020,7,14,2020,SU2020,NCMM,Sill,Fringing,Adjacent,3,15,0.612,G-12B,0,0.6123
7/14/2020,7,14,2020,SU2020,NCMM,Sill,Fringing,Behind,4,-1,-0.045,G-12B,0,-0.0451
7/14/2020,7,14,2020,SU2020,NCMM,Sill,Fringing,Behind,4,0,0.113,G-12B,0,0.1134
7/14/2020,7,14,2020,SU2020,NCMM,Sill,Fringing,Behind,4,5,0.252,G-12B,0,0.2515
7/14/2020,7,14,2020,SU2020,NCMM,Sill,Fringing,Behind,4,10,0.341,G-12B,0,0.3406
7/14/2020,7,14,2020,SU2020,NCMM,Sill,Fringing,Behind,4,15,0.616,G-12B,0,0.6159
7/14/2020,7,14,2020,SU2020,NCMM,Sill,Fringing,Behind,5,-1,-0.176,G-12B,0,-0.1760
7/14/2020,7,14,2020,SU2020,NCMM,Sill,Fringing,Behind,5,0,-0.147,G-12B,0,-0.1474
7/14/2020,7,14,2020,SU2020,NCMM,Sill,Fringing,Behind,5,5,0.649,G-12B,0,0.6487
7/14/2020,7,14,2020,SU2020,NCMM,Sill,Fringing,Behind,5,10,0.364,G-12B,0,0.3638
7/14/2020,7,14,2020,SU2020,NCMM,Sill,Fringing,Behind,5,15,0.589,G-12B,0,0.5891
7/15/2020,7,15,2020,SU2020,PI,Nat,Fringing,Oyster,1,-1,-0.335,G-12B,0,-0.3350
7/15/2020,7,15,2020,SU2020,PI,Nat,Fringing,Oyster,1,0,-0.325,G-12B,0,-0.3250
7/15/2020,7,15,2020,SU2020,PI,Nat,Fringing,Oyster,1,5,-0.115,G-12B,0,-0.1150
7/15/2020,7,15,2020,SU2020,PI,Nat,Fringing,Oyster,1,10,0.029,G-12B,0,0.0290
7/15/2020,7,15,2020,SU2020,PI,Nat,Fringing,Oyster,1,15,0.178,G-12B,0,0.1780
7/15/2020,7,15,2020,SU2020,PI,Nat,Fringing,Oyster,1,20,0.469,G-12B,0,0.4690
7/15/2020,7,15,2020,SU2020,PI,Nat,Fringing,Oyster,2,-1,-0.298,G-12B,0,-0.2980
7/15/2020,7,15,2020,SU2020,PI,Nat,Fringing,Oyster,2,0,-0.343,G-12B,0,-0.3430
7/15/2020,7,15,2020,SU2020,PI,Nat,Fringing,Oyster,2,5,-0.080,G-12B,0,-0.0800
7/15/2020,7,15,2020,SU2020,PI,Nat,Fringing,Oyster,2,10,0.141,G-12B,0,0.1410
7/15/2020,7,15,2020,SU2020,PI,Nat,Fringing,Oyster,2,15,0.435,G-12B,0,0.4350
7/15/2020,7,15,2020,SU2020,PI,Nat,Fringing,Oyster,2,20,0.831,G-12B,0,0.8310
7/15/2020,7,15,2020,SU2020,PI,Nat,Fringing,Oyster,3,-1,-0.312,G-12B,0,-0.3120
7/15/2020,7,15,2020,SU2020,PI,Nat,Fringing,Oyster,3,0,-0.312,G-12B,0,-0.3120
7/15/2020,7,15,2020,SU2020,PI,Nat,Fringing,Oyster,3,5,-0.120,G-12B,0,-0.1200
7/15/2020,7,15,2020,SU2020,PI,Nat,Fringing,Oyster,3,10,0.100,G-12B,0,0.1000
7/15/2020,7,15,2020,SU2020,PI,Nat,Fringing,Oyster,3,15,0.704,G-12B,0,0.7040
7/15/2020,7,15,2020,SU2020,PI,Nat,Fringing,Oyster,4,-1,-0.425,G-12B,0,-0.4250
7/15/2020,7,15,2020,SU2020,PI,Nat,Fringing,Oyster,4,0,-0.438,G-12B,0,-0.4380
7/15/2020,7,15,2020,SU2020,PI,Nat,Fringing,Oyster,4,5,-0.073,G-12B,0,-0.0730
7/15/2020,7,15,2020,SU2020,PI,Nat,Fringing,Oyster,4,10,0.159,G-12B,0,0.1590
7/15/2020,7,15,2020,SU2020,PI,Nat,Fringing,Oyster,4,15,0.680,G-12B,0,0.6800
7/15/2020,7,15,2020,SU2020,PI,Nat,Fringing,Oyster,5,-1,-0.216,G-12B,0,-0.2160
7/15/2020,7,15,2020,SU2020,PI,Nat,Fringing,Oyster,5,0,-0.161,G-12B,0,-0.1610
7/15/2020,7,15,2020,SU2020,PI,Nat,Fringing,Oyster,5,5,0.114,G-12B,0,0.1140
7/15/2020,7,15,2020,SU2020,PI,Nat,Fringing,Oyster,5,10,0.527,G-12B,0,0.5270
7/15/2020,7,15,2020,SU2020,PI,Sill,Fringing,Behind,1,-1,0.141,G-12B,0,0.1410
7/15/2020,7,15,2020,SU2020,PI,Sill,Fringing,Behind,1,0,0.173,G-12B,0,0.1730
7/15/2020,7,15,2020,SU2020,PI,Sill,Fringing,Behind,1,5,0.705,G-12B,0,0.7050
7/15/2020,7,15,2020,SU2020,PI,Sill,Fringing,Behind,2,-1,-0.019,G-12B,0,-0.0190
7/15/2020,7,15,2020,SU2020,PI,Sill,Fringing,Behind,2,0,0.041,G-12B,0,0.0410
7/15/2020,7,15,2020,SU2020,PI,Sill,Fringing,Behind,2,5,0.341,G-12B,0,0.3410
7/15/2020,7,15,2020,SU2020,PI,Sill,Fringing,Behind,2,10,0.995,G-12B,0,0.9950
7/15/2020,7,15,2020,SU2020,PI,Sill,Fringing,Behind,3,-1,-0.163,G-12B,0,-0.1630
7/15/2020,7,15,2020,SU2020,PI,Sill,Fringing,Behind,3,0,-0.186,G-12B,0,-0.1860
7/15/2020,7,15,2020,SU2020,PI,Sill,Fringing,Behind,3,5,0.103,G-12B,0,0.1030
7/15/2020,7,15,2020,SU2020,PI,Sill,Fringing,Behind,3,10,0.246,G-12B,0,0.2460
7/15/2020,7,15,2020,SU2020,PI,Sill,Fringing,Behind,3,15,0.973,G-12B,0,0.9730
7/15/2020,7,15,2020,SU2020,PI,Sill,Fringing,Behind,4,-1,-0.265,G-12B,0,-0.2650
7/15/2020,7,15,2020,SU2020,PI,Sill,Fringing,Behind,4,0,-0.245,G-12B,0,-0.2450
7/15/2020,7,15,2020,SU2020,PI,Sill,Fringing,Behind,4,5,-0.010,G-12B,0,-0.0100
7/15/2020,7,15,2020,SU2020,PI,Sill,Fringing,Behind,4,10,0.234,G-12B,0,0.2340
7/15/2020,7,15,2020,SU2020,PI,Sill,Fringing,Behind,4,15,0.676,G-12B,0,0.6760
7/15/2020,7,15,2020,SU2020,PI,Sill,Fringing,Behind,4,20,1.022,G-12B,0,1.0220
7/15/2020,7,15,2020,SU2020,PI,Sill,Fringing,Behind,5,-1,-0.291,G-12B,0,-0.2910
7/15/2020,7,15,2020,SU2020,PI,Sill,Fringing,Behind,5,0,-0.240,G-12B,0,-0.2400
7/15/2020,7,15,2020,SU2020,PI,Sill,Fringing,Behind,5,5,-0.003,G-12B,0,-0.0030
7/15/2020,7,15,2020,SU2020,PI,Sill,Fringing,Behind,5,10,0.284,G-12B,0,0.2840
7/15/2020,7,15,2020,SU2020,PI,Sill,Fringing,Behind,5,15,0.858,G-12B,0,0.8580
7/15/2020,7,15,2020,SU2020,PI,Sill,Fringing,Behind,5,20,1.051,G-12B,0,1.0510
7/15/2020,7,15,2020,SU2020,PI,Sill,Fringing,Behind,6,-1,-0.274,G-12B,0,-0.2740
7/15/2020,7,15,2020,SU2020,PI,Sill,Fringing,Behind,6,0,-0.298,G-12B,0,-0.2980
7/15/2020,7,15,2020,SU2020,PI,Sill,Fringing,Behind,6,5,-0.070,G-12B,0,-0.0700
7/15/2020,7,15,2020,SU2020,PI,Sill,Fringing,Behind,6,10,0.193,G-12B,0,0.1930
7/15/2020,7,15,2020,SU2020,PI,Sill,Fringing,Behind,6,15,0.767,G-12B,0,0.7670
7/15/2020,7,15,2020,SU2020,PI,Sill,Fringing,Behind,6,20,0.861,G-12B,0,0.8610
7/15/2020,7,15,2020,SU2020,PI,Sill,Fringing,Behind,7,-1,-0.079,G-12B,0,-0.0790
7/15/2020,7,15,2020,SU2020,PI,Sill,Fringing,Behind,7,0,-0.030,G-12B,0,-0.0300
7/15/2020,7,15,2020,SU2020,PI,Sill,Fringing,Behind,7,5,0.297,G-12B,0,0.2970
7/15/2020,7,15,2020,SU2020,PI,Sill,Fringing,Behind,7,10,0.980,G-12B,0,0.9800
7/21/2020,7,21,2020,SU2020,PKS,Nat,Fringing,None,6,-1,-0.126,G-12B,0,-0.1260
7/21/2020,7,21,2020,SU2020,PKS,Nat,Fringing,None,6,0,-0.020,G-12B,0,-0.0200
7/21/2020,7,21,2020,SU2020,PKS,Nat,Fringing,None,6,5,0.078,G-12B,0,0.0780
7/21/2020,7,21,2020,SU2020,PKS,Nat,Fringing,None,6,10,0.230,G-12B,0,0.2300
7/21/2020,7,21,2020,SU2020,PKS,Nat,Fringing,None,6,15,0.220,G-12B,0,0.2200
7/21/2020,7,21,2020,SU2020,PKS,Nat,Fringing,None,7,-1,-0.337,G-12B,0,-0.3370
7/21/2020,7,21,2020,SU2020,PKS,Nat,Fringing,None,7,0,-0.332,G-12B,0,-0.3320
7/21/2020,7,21,2020,SU2020,PKS,Nat,Fringing,None,7,5,0.047,G-12B,0,0.0470
7/21/2020,7,21,2020,SU2020,PKS,Nat,Fringing,None,7,10,0.069,G-12B,0,0.0690
7/21/2020,7,21,2020,SU2020,PKS,Nat,Fringing,None,7,15,0.308,G-12B,0,0.3080
7/21/2020,7,21,2020,SU2020,PKS,Nat,Fringing,None,7,20,0.460,G-12B,0,0.4600
7/21/2020,7,21,2020,SU2020,PKS,Nat,Fringing,None,8,-1,-0.395,G-12B,0,-0.3950
7/21/2020,7,21,2020,SU2020,PKS,Nat,Fringing,None,8,0,-0.412,G-12B,0,-0.4120
7/21/2020,7,21,2020,SU2020,PKS,Nat,Fringing,None,8,5,-0.117,G-12B,0,-0.1170
7/21/2020,7,21,2020,SU2020,PKS,Nat,Fringing,None,8,10,0.355,G-12B,0,0.3550
7/21/2020,7,21,2020,SU2020,PKS,Nat,Fringing,None,8,15,0.289,G-12B,0,0.2890
7/21/2020,7,21,2020,SU2020,PKS,Nat,Fringing,None,8,20,0.361,G-12B,0,0.3610
7/21/2020,7,21,2020,SU2020,PKS,Nat,Fringing,None,9,-1,-0.378,G-12B,0,-0.3780
7/21/2020,7,21,2020,SU2020,PKS,Nat,Fringing,None,9,0,-0.360,G-12B,0,-0.3600
7/21/2020,7,21,2020,SU2020,PKS,Nat,Fringing,None,9,5,-0.170,G-12B,0,-0.1700
7/21/2020,7,21,2020,SU2020,PKS,Nat,Fringing,None,9,10,0.145,G-12B,0,0.1450
7/21/2020,7,21,2020,SU2020,PKS,Nat,Fringing,None,9,15,0.227,G-12B,0,0.2270
7/21/2020,7,21,2020,SU2020,PKS,Nat,Fringing,None,9,20,0.361,G-12B,0,0.3610
7/21/2020,7,21,2020,SU2020,PKS,Nat,Fringing,None,10,-1,-0.420,G-12B,0,-0.4200
7/21/2020,7,21,2020,SU2020,PKS,Nat,Fringing,None,10,0,-0.413,G-12B,0,-0.4130
7/21/2020,7,21,2020,SU2020,PKS,Nat,Fringing,None,10,5,-0.206,G-12B,0,-0.2060
7/21/2020,7,21,2020,SU2020,PKS,Nat,Fringing,None,10,10,0.218,G-12B,0,0.2180
7/21/2020,7,21,2020,SU2020,PKS,Nat,Fringing,None,10,15,0.428,G-12B,0,0.4280
7/21/2020,7,21,2020,SU2020,PKS,Nat,Non-Fringing,None,11,-1,-0.262,G-12B,0,-0.2620
7/21/2020,7,21,2020,SU2020,PKS,Nat,Non-Fringing,None,11,0,-0.189,G-12B,0,-0.1890
7/21/2020,7,21,2020,SU2020,PKS,Nat,Non-Fringing,None,11,5,-0.179,G-12B,0,-0.1790
7/21/2020,7,21,2020,SU2020,PKS,Nat,Non-Fringing,None,11,10,0.053,G-12B,0,0.0530
7/21/2020,7,21,2020,SU2020,PKS,Nat,Non-Fringing,None,11,15,0.093,G-12B,0,0.0930
7/21/2020,7,21,2020,SU2020,PKS,Nat,Non-Fringing,None,11,20,0.093,G-12B,0,0.0930
7/21/2020,7,21,2020,SU2020,PKS,Nat,Non-Fringing,None,11,30,0.152,G-12B,0,0.1520
7/21/2020,7,21,2020,SU2020,PKS,Nat,Non-Fringing,None,11,40,0.172,G-12B,0,0.1720
7/21/2020,7,21,2020,SU2020,PKS,Nat,Non-Fringing,None,12,-1,-0.283,G-12B,0,-0.2830
7/21/2020,7,21,2020,SU2020,PKS,Nat,Non-Fringing,None,12,0,-0.281,G-12B,0,-0.2810
7/21/2020,7,21,2020,SU2020,PKS,Nat,Non-Fringing,None,12,5,-0.146,G-12B,0,-0.1460
7/21/2020,7,21,2020,SU2020,PKS,Nat,Non-Fringing,None,12,10,0.034,G-12B,0,0.0340
7/21/2020,7,21,2020,SU2020,PKS,Nat,Non-Fringing,None,12,15,0.070,G-12B,0,0.0700
7/21/2020,7,21,2020,SU2020,PKS,Nat,Non-Fringing,None,12,20,0.087,G-12B,0,0.0870
7/21/2020,7,21,2020,SU2020,PKS,Nat,Non-Fringing,None,12,30,0.155,G-12B,0,0.1550
7/21/2020,7,21,2020,SU2020,PKS,Nat,Non-Fringing,None,12,40,0.143,G-12B,0,0.1430
7/21/2020,7,21,2020,SU2020,PKS,Nat,Non-Fringing,None,12,50,0.131,G-12B,0,0.1310
7/21/2020,7,21,2020,SU2020,PKS,Nat,Non-Fringing,None,12,60,0.179,G-12B,0,0.1790
7/21/2020,7,21,2020,SU2020,PKS,Nat,Non-Fringing,None,12,70,0.186,G-12B,0,0.1860
7/21/2020,7,21,2020,SU2020,PKS,Nat,Non-Fringing,None,12,80,0.203,G-12B,0,0.2030
7/21/2020,7,21,2020,SU2020,PKS,Nat,Non-Fringing,None,13,-1,-0.260,G-12B,0,-0.2600
7/21/2020,7,21,2020,SU2020,PKS,Nat,Non-Fringing,None,13,0,-0.287,G-12B,0,-0.2870
7/21/2020,7,21,2020,SU2020,PKS,Nat,Non-Fringing,None,13,5,-0.277,G-12B,0,-0.2770
7/21/2020,7,21,2020,SU2020,PKS,Nat,Non-Fringing,None,13,10,-0.078,G-12B,0,-0.0780
7/21/2020,7,21,2020,SU2020,PKS,Nat,Non-Fringing,None,13,15,0.125,G-12B,0,0.1250
7/21/2020,7,21,2020,SU2020,PKS,Nat,Non-Fringing,None,13,20,0.085,G-12B,0,0.0850
7/21/2020,7,21,2020,SU2020,PKS,Nat,Non-Fringing,None,13,30,0.073,G-12B,0,0.0730
7/21/2020,7,21,2020,SU2020,PKS,Nat,Non-Fringing,None,13,40,0.120,G-12B,0,0.1200
7/21/2020,7,21,2020,SU2020,PKS,Nat,Non-Fringing,None,13,50,0.143,G-12B,0,0.1430
7/21/2020,7,21,2020,SU2020,PKS,Nat,Non-Fringing,None,13,60,0.172,G-12B,0,0.1720
7/21/2020,7,21,2020,SU2020,PKS,Nat,Non-Fringing,None,13,70,0.267,G-12B,0,0.2670
7/21/2020,7,21,2020,SU2020,PKS,Sill,Fringing,Behind,1,-1,0.338,G-12B,0,0.3380
7/21/2020,7,21,2020,SU2020,PKS,Sill,Fringing,Behind,1,0,0.131,G-12B,0,0.1310
7/21/2020,7,21,2020,SU2020,PKS,Sill,Fringing,Behind,1,5,0.128,G-12B,0,0.1280
7/21/2020,7,21,2020,SU2020,PKS,Sill,Fringing,Behind,1,10,0.178,G-12B,0,0.1780
7/21/2020,7,21,2020,SU2020,PKS,Sill,Fringing,Behind,1,15,0.249,G-12B,0,0.2490
7/21/2020,7,21,2020,SU2020,PKS,Sill,Fringing,Behind,1,20,0.263,G-12B,0,0.2630
7/21/2020,7,21,2020,SU2020,PKS,Sill,Fringing,Behind,2,-1,-0.061,G-12B,0,-0.0610
7/21/2020,7,21,2020,SU2020,PKS,Sill,Fringing,Behind,2,0,-0.070,G-12B,0,-0.0700
7/21/2020,7,21,2020,SU2020,PKS,Sill,Fringing,Behind,2,5,0.177,G-12B,0,0.1770
7/21/2020,7,21,2020,SU2020,PKS,Sill,Fringing,Behind,2,10,0.267,G-12B,0,0.2670
7/21/2020,7,21,2020,SU2020,PKS,Sill,Fringing,Behind,2,15,0.371,G-12B,0,0.3710
7/21/2020,7,21,2020,SU2020,PKS,Sill,Fringing,Behind,2,20,-,G-12B,0,-
7/21/2020,7,21,2020,SU2020,PKS,Sill,Fringing,Behind,3,-1,0.018,G-12B,0,0.0180
7/21/2020,7,21,2020,SU2020,PKS,Sill,Fringing,Behind,3,0,-0.029,G-12B,0,-0.0290
7/21/2020,7,21,2020,SU2020,PKS,Sill,Fringing,Behind,3,5,0.095,G-12B,0,0.0950
7/21/2020,7,21,2020,SU2020,PKS,Sill,Fringing,Behind,3,10,0.204,G-12B,0,0.2040
7/21/2020,7,21,2020,SU2020,PKS,Sill,Fringing,Behind,3,15,0.213,G-12B,0,0.2130
7/21/2020,7,21,2020,SU2020,PKS,Sill,Fringing,Behind,4,-1,0.120,G-12B,0,0.1200
7/21/2020,7,21,2020,SU2020,PKS,Sill,Fringing,Behind,4,0,0.110,G-12B,0,0.1100
7/21/2020,7,21,2020,SU2020,PKS,Sill,Fringing,Behind,4,5,0.192,G-12B,0,0.1920
7/21/2020,7,21,2020,SU2020,PKS,Sill,Fringing,Behind,4,10,0.259,G-12B,0,0.2590
7/21/2020,7,21,2020,SU2020,PKS,Sill,Fringing,Behind,4,15,0.301,G-12B,0,0.3010
7/21/2020,7,21,2020,SU2020,PKS,Sill,Fringing,Behind,5,-1,0.207,G-12B,0,0.2070
7/21/2020,7,21,2020,SU2020,PKS,Sill,Fringing,Behind,5,0,0.203,G-12B,0,0.2030
7/21/2020,7,21,2020,SU2020,PKS,Sill,Fringing,Behind,5,5,0.092,G-12B,0,0.0920
7/21/2020,7,21,2020,SU2020,PKS,Sill,Fringing,Behind,5,10,0.037,G-12B,0,0.0370
7/21/2020,7,21,2020,SU2020,PKS,Sill,Fringing,Behind,5,15,0.134,G-12B,0,0.1340
7/21/2020,7,21,2020,SU2020,PKS,Sill,Fringing,Behind,5,20,0.278,G-12B,0,0.2780
